"Id","Path","Slice Name","Alias(s)","Label","Min","Max","Must Support?","Is Modifier?","Is Summary?","Type(s)","Short","Definition","Comments","Requirements","Default Value","Meaning When Missing","Fixed Value","Pattern","Example","Minimum Value","Maximum Value","Maximum Length","Binding Strength","Binding Description","Binding Value Set","Code","Slicing Discriminator","Slicing Description","Slicing Ordered","Slicing Rules","Base Path","Base Min","Base Max","Condition(s)","Constraint(s)","Mapping: FiveWs Pattern Mapping","Mapping: BRIDG 5.1 Mapping","Mapping: HL7 V2 Mapping","Mapping: RIM Mapping","Mapping: ClinicalTrials.gov Mapping"
"ResearchStudy","ResearchStudy","","Clinical Trial
Study","",0,*,"","","","null {[]} {[]}
","Investigation to increase healthcare-related patient-independent knowledge","A scientific study of nature that sometimes includes processes involved in health and disease. For example, clinical trials are research studies that involve people. These studies may be related to new ways to screen, prevent, diagnose, and treat disease. They may also study certain outcomes and certain groups of people by looking at data collected in the past or future.","Need to make sure we encompass public health studies.","","","","","","","","",,,,,"",,,,"ResearchStudy",0,*,"","","clinical.diagnostics","ObservationalStudyProtocolVersion; Study;
StudyProtocolVersion","OBX","Entity, Role, or Act,Observation[classCode=CLNTRL, moodCode=EVN]"
"ResearchStudy.id","ResearchStudy.id","","","",1,1,"","","Y","id {[]} {[]}
","Logical id of this artifact","The logical id of the resource, as used in the URL for the resource. Once assigned, this value never changes.","Within the context of the FHIR RESTful interactions, the resource has an id except for cases like the create and conditional update. Otherwise, the use of the resouce id depends on the given use case.","","","","","","","","",,,,,"",,,,"Resource.id",0,1,"",""
"ResearchStudy.meta","ResearchStudy.meta","","","",1,1,"","","Y","Meta {[]} {[]}
","Metadata about the resource","The metadata about the resource. This is content that is maintained by the infrastructure. Changes to the content might not always be associated with version changes to the resource.","","","","","","","","","",,,,,"",,,,"Resource.meta",0,1,"","ele-1:All FHIR elements must have a @value or children {hasValue() or (children().count() > id.count())}
"
"ResearchStudy.implicitRules","ResearchStudy.implicitRules","","","",0,1,"","Y","Y","uri {[]} {[]}
","A set of rules under which this content was created","A reference to a set of rules that were followed when the resource was constructed, and which must be understood when processing the content. Often, this is a reference to an implementation guide that defines the special rules along with other profiles etc.","Asserting this rule set restricts the content to be only understood by a limited set of trading partners. This inherently limits the usefulness of the data in the long term. However, the existing health eco-system is highly fractured, and not yet ready to define, collect, and exchange data in a generally computable sense. Wherever possible, implementers and/or specification writers should avoid using this element. Often, when used, the URL is a reference to an implementation guide that defines these special rules as part of its narrative along with other profiles, value sets, etc.","","","","","","","","",,,,,"",,,,"Resource.implicitRules",0,1,"","ele-1:All FHIR elements must have a @value or children {hasValue() or (children().count() > id.count())}
"
"ResearchStudy.language","ResearchStudy.language","","","",0,1,"","","","code {[]} {[]}
","Language of the resource content","The base language in which the resource is written.","Language is provided to support indexing and accessibility (typically, services such as text to speech use the language tag). The html language tag in the narrative applies  to the narrative. The language tag on the resource may be used to specify the language of other presentations generated from the data in the resource. Not all the content has to be in the base language. The Resource.language should not be assumed to apply to the narrative automatically. If a language is specified, it should it also be specified on the div element in the html (see rules in HTML5 for information about the relationship between xml:lang and the html lang attribute).","","","","","","","","",,"required","IETF language tag for a human language","http://hl7.org/fhir/ValueSet/all-languages|5.0.0","",,,,"Resource.language",0,1,"","ele-1:All FHIR elements must have a @value or children {hasValue() or (children().count() > id.count())}
"
"ResearchStudy.text","ResearchStudy.text","","narrative
htmlxhtmldisplay","",0,1,"","","","Narrative {[]} {[]}
","Text summary of the resource, for human interpretation","A human-readable narrative that contains a summary of the resource and can be used to represent the content of the resource to a human. The narrative need not encode all the structured data, but is required to contain sufficient detail to make it ""clinically safe"" for a human to just read the narrative. Resource definitions may define what content should be represented in the narrative to ensure clinical safety.","Contained resources do not have a narrative. Resources that are not contained SHOULD have a narrative. In some cases, a resource may only have text with little or no additional discrete data (as long as all minOccurs=1 elements are satisfied).  This may be necessary for data from legacy systems where information is captured as a ""text blob"" or where text is additionally entered raw or narrated and encoded information is added later.","","","","","","","","",,,,,"",,,,"DomainResource.text",0,1,"dom-6
","ele-1:All FHIR elements must have a @value or children {hasValue() or (children().count() > id.count())}
","Act.text?"
"ResearchStudy.contained","ResearchStudy.contained","","inline resources
anonymous resourcescontained resources","",0,*,"","","","Resource {[]} {[]}
","Contained, inline Resources","These resources do not have an independent existence apart from the resource that contains them - they cannot be identified independently, nor can they have their own independent transaction scope. This is allowed to be a Parameters resource if and only if it is referenced by a resource that provides context/meaning.","This should never be done when the content can be identified properly, as once identification is lost, it is extremely difficult (and context dependent) to restore it again. Contained resources may have profiles and tags in their meta elements, but SHALL NOT have security labels.","","","","","","","","",,,,,"",,,,"DomainResource.contained",0,*,"dom-2
dom-4dom-3dom-5","","N/A"
"ResearchStudy.extension","ResearchStudy.extension","","extensions
user content","",0,*,"","","","Extension {[]} {[]}
","Additional content defined by implementations","May be used to represent additional information that is not part of the basic definition of the resource. To make the use of extensions safe and managable, there is a strict set of governance applied to the definition and use of extensions. Though any implementer can define an extension, there is a set of requirements that SHALL be met as part of the definition of the extension.","There can be no stigma associated with the use of extensions by any application, project, or standard - regardless of the institution or jurisdiction that uses or defines the extensions.  The use of extensions is what allows the FHIR specification to retain a core level of simplicity for everyone.","","","","","","","","",,,,,"",,,,"DomainResource.extension",0,*,"","ele-1:All FHIR elements must have a @value or children {hasValue() or (children().count() > id.count())}
ext-1:Must have either extensions or value[x], not both {extension.exists() != value.exists()}","N/A"
"ResearchStudy.modifierExtension","ResearchStudy.modifierExtension","","extensions
user content","",0,*,"","Y","Y","Extension {[]} {[]}
","Extensions that cannot be ignored","May be used to represent additional information that is not part of the basic definition of the resource and that modifies the understanding of the element that contains it and/or the understanding of the containing element's descendants. Usually modifier elements provide negation or qualification. To make the use of extensions safe and managable, there is a strict set of governance applied to the definition and use of extensions. Though any implementer is allowed to define an extension, there is a set of requirements that SHALL be met as part of the definition of the extension. Applications processing a resource are required to check for modifier extensions.

Modifier extensions SHALL NOT change the meaning of any elements on Resource or DomainResource (including cannot change the meaning of modifierExtension itself).","There can be no stigma associated with the use of extensions by any application, project, or standard - regardless of the institution or jurisdiction that uses or defines the extensions.  The use of extensions is what allows the FHIR specification to retain a core level of simplicity for everyone.","Modifier extensions allow for extensions that *cannot* be safely ignored to be clearly distinguished from the vast majority of extensions which can be safely ignored.  This promotes interoperability by eliminating the need for implementers to prohibit the presence of extensions. For further information, see the [definition of modifier extensions](http://hl7.org/fhir/R5/extensibility.html#modifierExtension).","","","","","","","",,,,,"",,,,"DomainResource.modifierExtension",0,*,"","ele-1:All FHIR elements must have a @value or children {hasValue() or (children().count() > id.count())}
ext-1:Must have either extensions or value[x], not both {extension.exists() != value.exists()}","N/A"
"ResearchStudy.url","ResearchStudy.url","","","",0,1,"","","","uri {[]} {[]}
","Canonical identifier for this study resource","Canonical identifier for this study resource, represented as a globally unique URI.","","","","","","","","","",,,,,"",,,,"ResearchStudy.url",0,1,"","ele-1:All FHIR elements must have a @value or children {hasValue() or (children().count() > id.count())}
"
"ResearchStudy.identifier","ResearchStudy.identifier","","","",1,1,"","","Y","Identifier {[]} {[]}
","Identifiant de l'essai clinique","Identifiers assigned to this research study by the sponsor or other systems.","","Allows identification of the research study as it is known by various participating systems and in a way that remains consistent across servers.","","","","","","","",,,,,"",,,,"ResearchStudy.identifier",0,*,"","ele-1:All FHIR elements must have a @value or children {hasValue() or (children().count() > id.count())}
","FiveWs.identifier","No BRIDG mapping (although there is  DocumentVersion.identifier > StudyProtocolDocumentVersion, this is arguably a different semantic)",".identifier","Organization's Unique Protocol ID; Secondary IDs"
"ResearchStudy.version","ResearchStudy.version","","","",0,1,"","","","string {[]} {[]}
","The business version for the study record","The business version for the study record.","","","","","","","","","",,,,,"",,,,"ResearchStudy.version",0,1,"","ele-1:All FHIR elements must have a @value or children {hasValue() or (children().count() > id.count())}
"
"ResearchStudy.name","ResearchStudy.name","","","",0,1,"","","","string {[]} {[]}
","Name for this study (computer friendly)","Name for this study (computer friendly).","","","","","","","","","",,,,,"",,,,"ResearchStudy.name",0,1,"","ele-1:All FHIR elements must have a @value or children {hasValue() or (children().count() > id.count())}
"
"ResearchStudy.title","ResearchStudy.title","","","",0,1,"","","Y","string {[]} {[]}
","Human readable name of the study","The human readable name of the research study.","","","","","","","","","",,,,,"",,,,"ResearchStudy.title",0,1,"","ele-1:All FHIR elements must have a @value or children {hasValue() or (children().count() > id.count())}
","No BRIDG mapping (although there is  StudyProtocolDocumentVersionPublicTitle this is arguably a different semantic: title of a document vs title of a research study)","Brief Title"
"ResearchStudy.label","ResearchStudy.label","","","",0,*,"","","","BackboneElement {[]} {[]}
","Additional names for the study","Additional names for the study.","","","","","","","","","",,,,,"",,,,"ResearchStudy.label",0,*,"","ele-1:All FHIR elements must have a @value or children {hasValue() or (children().count() > id.count())}
"
"ResearchStudy.label.id","ResearchStudy.label.id","","","",0,1,"","","","string {[]} {[]}
","Unique id for inter-element referencing","Unique id for the element within a resource (for internal references). This may be any string value that does not contain spaces.","","","","","","","","","",,,,,"",,,,"Element.id",0,1,"ele-1
","","n/a"
"ResearchStudy.label.extension","ResearchStudy.label.extension","","extensions
user content","",0,*,"","","","Extension {[]} {[]}
","Additional content defined by implementations","May be used to represent additional information that is not part of the basic definition of the element. To make the use of extensions safe and managable, there is a strict set of governance applied to the definition and use of extensions. Though any implementer can define an extension, there is a set of requirements that SHALL be met as part of the definition of the extension.","There can be no stigma associated with the use of extensions by any application, project, or standard - regardless of the institution or jurisdiction that uses or defines the extensions.  The use of extensions is what allows the FHIR specification to retain a core level of simplicity for everyone.","","","","","","","","",,,,,"",,,,"Element.extension",0,*,"","ele-1:All FHIR elements must have a @value or children {hasValue() or (children().count() > id.count())}
ext-1:Must have either extensions or value[x], not both {extension.exists() != value.exists()}","n/a"
"ResearchStudy.label.modifierExtension","ResearchStudy.label.modifierExtension","","extensions
user contentmodifiers","",0,*,"","Y","Y","Extension {[]} {[]}
","Extensions that cannot be ignored even if unrecognized","May be used to represent additional information that is not part of the basic definition of the element and that modifies the understanding of the element in which it is contained and/or the understanding of the containing element's descendants. Usually modifier elements provide negation or qualification. To make the use of extensions safe and managable, there is a strict set of governance applied to the definition and use of extensions. Though any implementer can define an extension, there is a set of requirements that SHALL be met as part of the definition of the extension. Applications processing a resource are required to check for modifier extensions.

Modifier extensions SHALL NOT change the meaning of any elements on Resource or DomainResource (including cannot change the meaning of modifierExtension itself).","There can be no stigma associated with the use of extensions by any application, project, or standard - regardless of the institution or jurisdiction that uses or defines the extensions.  The use of extensions is what allows the FHIR specification to retain a core level of simplicity for everyone.","Modifier extensions allow for extensions that *cannot* be safely ignored to be clearly distinguished from the vast majority of extensions which can be safely ignored.  This promotes interoperability by eliminating the need for implementers to prohibit the presence of extensions. For further information, see the [definition of modifier extensions](http://hl7.org/fhir/R5/extensibility.html#modifierExtension).","","","","","","","",,,,,"",,,,"BackboneElement.modifierExtension",0,*,"","ele-1:All FHIR elements must have a @value or children {hasValue() or (children().count() > id.count())}
ext-1:Must have either extensions or value[x], not both {extension.exists() != value.exists()}","N/A"
"ResearchStudy.label.type","ResearchStudy.label.type","","","",0,1,"","","","CodeableConcept {[]} {[]}
","primary | official | scientific | plain-language | subtitle | short-title | acronym | earlier-title | language | auto-translated | human-use | machine-use | duplicate-uid","Kind of name.","","","","","","","","","",,"extensible","desc.","http://hl7.org/fhir/ValueSet/title-type","",,,,"ResearchStudy.label.type",0,1,"","ele-1:All FHIR elements must have a @value or children {hasValue() or (children().count() > id.count())}
"
"ResearchStudy.label.value","ResearchStudy.label.value","","","",0,1,"","","","string {[]} {[]}
","The name","The name.","","","","","","","","","",,,,,"",,,,"ResearchStudy.label.value",0,1,"","ele-1:All FHIR elements must have a @value or children {hasValue() or (children().count() > id.count())}
"
"ResearchStudy.protocol","ResearchStudy.protocol","","","",0,*,"","","Y","Reference {[]} {[CanonicalType[http://hl7.org/fhir/StructureDefinition/PlanDefinition]]}
","Steps followed in executing study","The set of steps expected to be performed as part of the execution of the study.","","","","","","","","","",,,,,"",,,,"ResearchStudy.protocol",0,*,"","ele-1:All FHIR elements must have a @value or children {hasValue() or (children().count() > id.count())}
","StudyProtocolDocumentVersionPublicTitle.name",".outboundRelationship[typeCode=DEFN].target","Interventions; Arm/Intervention Cross-Reference"
"ResearchStudy.partOf","ResearchStudy.partOf","","container
","",0,*,"","","Y","Reference {[]} {[CanonicalType[http://hl7.org/fhir/StructureDefinition/ResearchStudy]]}
","Part of larger study","A larger research study of which this particular study is a component or step.","","Allows breaking a study into components (e.g. by study site) each with their own PI, status, enrollment, etc.","","","","","","","",,,,,"",,,,"ResearchStudy.partOf",0,*,"","ele-1:All FHIR elements must have a @value or children {hasValue() or (children().count() > id.count())}
","CompanionStudyRelationship",".inboundRelationship[typeCode=COMP].source[moodCode=EVN]"
"ResearchStudy.relatedArtifact","ResearchStudy.relatedArtifact","","","",0,*,"","","","RelatedArtifact {[]} {[]}
","References, URLs, and attachments","Citations, references, URLs and other related documents.  When using relatedArtifact to share URLs, the relatedArtifact.type will often be set to one of ""documentation"" or ""supported-with"" and the URL value will often be in relatedArtifact.document.url but another possible location is relatedArtifact.resource when it is a canonical URL.","","","","","","","","","",,,,,"",,,,"ResearchStudy.relatedArtifact",0,*,"","ele-1:All FHIR elements must have a @value or children {hasValue() or (children().count() > id.count())}
","StudyProtocolDocument, StudyProtocolDocumentVersion","Citations, Links, Available Study Data/Documents"
"ResearchStudy.date","ResearchStudy.date","","","",0,1,"","","","dateTime {[]} {[]}
","Date the resource last changed","The date (and optionally time) when the ResearchStudy Resource was last significantly changed. The date must change when the business version changes and it must change if the status code changes. In addition, it should change when the substantive content of the ResearchStudy Resource changes.","","","","","","","","","",,,,,"",,,,"ResearchStudy.date",0,1,"","ele-1:All FHIR elements must have a @value or children {hasValue() or (children().count() > id.count())}
"
"ResearchStudy.status","ResearchStudy.status","","","",1,1,"","Y","Y","code {[]} {[]}
","draft | active | retired | unknown","The publication state of the resource (not of the study).","","","","","","","","","",,"required","Codes that convey the current publication status of the research study resource.","http://hl7.org/fhir/ValueSet/publication-status|5.0.0","",,,,"ResearchStudy.status",1,1,"","ele-1:All FHIR elements must have a @value or children {hasValue() or (children().count() > id.count())}
","FiveWs.status","StudyOverallStatus.code",".status"
"ResearchStudy.primaryPurposeType","ResearchStudy.primaryPurposeType","","","",0,1,"","","Y","CodeableConcept {[]} {[]}
","treatment | prevention | diagnostic | supportive-care | screening | health-services-research | basic-science | device-feasibility","The type of study based upon the intent of the study activities. A classification of the intent of the study.","","","","","","","","","",,"preferred","Codes for the main intent of the study.","http://hl7.org/fhir/ValueSet/research-study-prim-purp-type","",,,,"ResearchStudy.primaryPurposeType",0,1,"","ele-1:All FHIR elements must have a @value or children {hasValue() or (children().count() > id.count())}
","StudyProtocolVersion.primaryPurposeTypeCode"
"ResearchStudy.phase","ResearchStudy.phase","","","",0,1,"","","Y","CodeableConcept {[]} {[]}
","n-a | early-phase-1 | phase-1 | phase-1-phase-2 | phase-2 | phase-2-phase-3 | phase-3 | phase-4","The stage in the progression of a therapy from initial experimental use in humans in clinical trials to post-market evaluation.","","","","","","","","","",,"example","Codes for the stage in the progression of a therapy from initial experimental use in humans in clinical trials to post-market evaluation.","http://hl7.org/fhir/ValueSet/research-study-phase","",,,,"ResearchStudy.phase",0,1,"","ele-1:All FHIR elements must have a @value or children {hasValue() or (children().count() > id.count())}
","StudyProtocolVersion.phaseCode","Study Phase"
"ResearchStudy.studyDesign","ResearchStudy.studyDesign","","","",0,*,"","","Y","CodeableConcept {[]} {[]}
","Classifications of the study design characteristics","Codes categorizing the type of study such as investigational vs. observational, type of blinding, type of randomization, safety vs. efficacy, etc.","","","","","","","","","",,"preferred","This is a set of terms for study design characteristics.","http://hl7.org/fhir/ValueSet/study-design","",,,,"ResearchStudy.studyDesign",0,*,"","ele-1:All FHIR elements must have a @value or children {hasValue() or (children().count() > id.count())}
","InterventionalStudyProtocolVersion; InterventionalStudyProtocol.allocationCode; InterventionalStudyProtocol.blindedRoleCode; InterventionalStudyProtocol.blindingSchemaCode; InterventionalStudyProtocol.controlTypeCode","Study Type; Primary Purpose; Interventional Model; Masking; Allocation; study Classification; Observational Study Model; Time Perspective; Biospecimen Retention"
"ResearchStudy.focus","ResearchStudy.focus","","","",0,*,"","","","CodeableReference {[]} {[CanonicalType[http://hl7.org/fhir/StructureDefinition/Medication], CanonicalType[http://hl7.org/fhir/StructureDefinition/MedicinalProductDefinition], CanonicalType[http://hl7.org/fhir/StructureDefinition/SubstanceDefinition], CanonicalType[http://hl7.org/fhir/StructureDefinition/EvidenceVariable]]}
","Drugs, devices, etc. under study","The medication(s), food(s), therapy(ies), device(s) or other concerns or interventions that the study is seeking to gain more information about.","","","","","","","","","",,"example","Common codes of research study focus","http://hl7.org/fhir/ValueSet/research-study-focus-type","",,,,"ResearchStudy.focus",0,*,"","ele-1:All FHIR elements must have a @value or children {hasValue() or (children().count() > id.count())}
"
"ResearchStudy.condition","ResearchStudy.condition","","","",0,*,"","","Y","CodeableConcept {[]} {[]}
","Condition being studied","The condition that is the focus of the study.  For example, In a study to examine risk factors for Lupus, might have as an inclusion criterion ""healthy volunteer"", but the target condition code would be a Lupus SNOMED code.","","","","","","","","","",,"example","Identification of the condition or diagnosis.","http://hl7.org/fhir/ValueSet/condition-code","",,,,"ResearchStudy.condition",0,*,"","ele-1:All FHIR elements must have a @value or children {hasValue() or (children().count() > id.count())}
","FiveWs.what[x]","StudyCondition.code","Conditions"
"ResearchStudy.keyword","ResearchStudy.keyword","","","",0,*,"","","Y","CodeableConcept {[]} {[]}
","Used to search for the study","Key terms to aid in searching for or filtering the study.","","","","","","","","","",,"example","Words associated with the study that may be useful in discovery.","","",,,,"ResearchStudy.keyword",0,*,"","ele-1:All FHIR elements must have a @value or children {hasValue() or (children().count() > id.count())}
","DocumentVersion.keywordCode; DocumentVersion.keywordText","Keywords"
"ResearchStudy.region","ResearchStudy.region","","","",0,*,"","","Y","CodeableConcept {[]} {[]}
","Geographic area for the study","A country, state or other area where the study is taking place rather than its precise geographic location or address.","","","","","","","","","",,"extensible","Countries and regions within which this artifact is targeted for use.","http://hl7.org/fhir/ValueSet/jurisdiction","",,,,"ResearchStudy.region",0,*,"","ele-1:All FHIR elements must have a @value or children {hasValue() or (children().count() > id.count())}
","StudyProtocolVersion.participatingLocationCode"
"ResearchStudy.descriptionSummary","ResearchStudy.descriptionSummary","","","",0,1,"","","","markdown {[]} {[]}
","Brief text explaining the study","A brief text for explaining the study.","","","","","","","","","",,,,,"",,,,"ResearchStudy.descriptionSummary",0,1,"","ele-1:All FHIR elements must have a @value or children {hasValue() or (children().count() > id.count())}
"
"ResearchStudy.description","ResearchStudy.description","","","",0,1,"","","","markdown {[]} {[]}
","Detailed narrative of the study","A detailed and human-readable narrative of the study. E.g., study abstract.","","","","","","","","","",,,,,"",,,,"ResearchStudy.description",0,1,"","ele-1:All FHIR elements must have a @value or children {hasValue() or (children().count() > id.count())}
","StudyProtocolDocumentVersion.publicDescription","Detailed Description"
"ResearchStudy.period","ResearchStudy.period","","timing
","",0,1,"","","Y","Period {[]} {[]}
","When the study began and ended","Identifies the start date and the expected (or actual, depending on status) end date for the study.","","","","","","","","","",,,,,"",,,,"ResearchStudy.period",0,1,"","ele-1:All FHIR elements must have a @value or children {hasValue() or (children().count() > id.count())}
","FiveWs.done[x]","ProjectConduct.dateRange; StudyProtocolVersion.plannedDuration",".effectiveTime","Study Start Date (start); Study Completion Date (end)"
"ResearchStudy.site","ResearchStudy.site","","","",0,*,"","","Y","Reference {[]} {[CanonicalType[http://hl7.org/fhir/StructureDefinition/Location], CanonicalType[http://hl7.org/fhir/StructureDefinition/ResearchStudy], CanonicalType[http://hl7.org/fhir/StructureDefinition/Organization]]}
","Facility where study activities are conducted","A facility in which study activities are conducted.","","","","","","","","","",,,,,"",,,,"ResearchStudy.site",0,*,"","ele-1:All FHIR elements must have a @value or children {hasValue() or (children().count() > id.count())}
","FiveWs.where[x]","PlannedStudySite; StudySite","Facility"
"ResearchStudy.note","ResearchStudy.note","","","",0,*,"","","","Annotation {[]} {[]}
","Comments made about the study","Comments made about the study by the performer, subject or other participants.","","","","","","","","","",,,,,"",,,,"ResearchStudy.note",0,*,"","ele-1:All FHIR elements must have a @value or children {hasValue() or (children().count() > id.count())}
","No BRIDG mapping",".inboundRelationship(typeCode=SUBJ].source[classCode=ANNGEN, moodCode=EVN].value[xsi:type=ST]"
"ResearchStudy.classifier","ResearchStudy.classifier","","","",0,*,"","","","CodeableConcept {[]} {[]}
","Classification for the study","Additional grouping mechanism or categorization of a research study. Example: FDA regulated device, FDA regulated drug, MPG Paragraph 23b (a German legal requirement), IRB-exempt, etc. Implementation Note: do not use the classifier element to support existing semantics that are already supported thru explicit elements in the resource.","","","","","","","","","",,"example","desc.","http://hl7.org/fhir/ValueSet/research-study-classifiers","",,,,"ResearchStudy.classifier",0,*,"","ele-1:All FHIR elements must have a @value or children {hasValue() or (children().count() > id.count())}
"
"ResearchStudy.associatedParty","ResearchStudy.associatedParty","","","",0,*,"","","","BackboneElement {[]} {[]}
","Sponsors, collaborators, and other parties","Sponsors, collaborators, and other parties.","For a Sponsor or a PrincipalInvestigator use the dedicated attributes provided.","While there are explicit attributes for a Sponsor and a PrincipalInvestigator many trial record a range of other organizations and individuals in key roles.","","","","","","","",,,,,"",,,,"ResearchStudy.associatedParty",0,*,"","ele-1:All FHIR elements must have a @value or children {hasValue() or (children().count() > id.count())}
"
"ResearchStudy.associatedParty.id","ResearchStudy.associatedParty.id","","","",0,1,"","","","string {[]} {[]}
","Unique id for inter-element referencing","Unique id for the element within a resource (for internal references). This may be any string value that does not contain spaces.","","","","","","","","","",,,,,"",,,,"Element.id",0,1,"ele-1
","","n/a"
"ResearchStudy.associatedParty.extension","ResearchStudy.associatedParty.extension","","extensions
user content","",0,*,"","","","Extension {[]} {[]}
","Additional content defined by implementations","May be used to represent additional information that is not part of the basic definition of the element. To make the use of extensions safe and managable, there is a strict set of governance applied to the definition and use of extensions. Though any implementer can define an extension, there is a set of requirements that SHALL be met as part of the definition of the extension.","There can be no stigma associated with the use of extensions by any application, project, or standard - regardless of the institution or jurisdiction that uses or defines the extensions.  The use of extensions is what allows the FHIR specification to retain a core level of simplicity for everyone.","","","","","","","","",,,,,"",,,,"Element.extension",0,*,"","ele-1:All FHIR elements must have a @value or children {hasValue() or (children().count() > id.count())}
ext-1:Must have either extensions or value[x], not both {extension.exists() != value.exists()}","n/a"
"ResearchStudy.associatedParty.modifierExtension","ResearchStudy.associatedParty.modifierExtension","","extensions
user contentmodifiers","",0,*,"","Y","Y","Extension {[]} {[]}
","Extensions that cannot be ignored even if unrecognized","May be used to represent additional information that is not part of the basic definition of the element and that modifies the understanding of the element in which it is contained and/or the understanding of the containing element's descendants. Usually modifier elements provide negation or qualification. To make the use of extensions safe and managable, there is a strict set of governance applied to the definition and use of extensions. Though any implementer can define an extension, there is a set of requirements that SHALL be met as part of the definition of the extension. Applications processing a resource are required to check for modifier extensions.

Modifier extensions SHALL NOT change the meaning of any elements on Resource or DomainResource (including cannot change the meaning of modifierExtension itself).","There can be no stigma associated with the use of extensions by any application, project, or standard - regardless of the institution or jurisdiction that uses or defines the extensions.  The use of extensions is what allows the FHIR specification to retain a core level of simplicity for everyone.","Modifier extensions allow for extensions that *cannot* be safely ignored to be clearly distinguished from the vast majority of extensions which can be safely ignored.  This promotes interoperability by eliminating the need for implementers to prohibit the presence of extensions. For further information, see the [definition of modifier extensions](http://hl7.org/fhir/R5/extensibility.html#modifierExtension).","","","","","","","",,,,,"",,,,"BackboneElement.modifierExtension",0,*,"","ele-1:All FHIR elements must have a @value or children {hasValue() or (children().count() > id.count())}
ext-1:Must have either extensions or value[x], not both {extension.exists() != value.exists()}","N/A"
"ResearchStudy.associatedParty.name","ResearchStudy.associatedParty.name","","","",0,1,"","","","string {[]} {[]}
","Name of associated party","Name of associated party.","","","","","","","","","",,,,,"",,,,"ResearchStudy.associatedParty.name",0,1,"","ele-1:All FHIR elements must have a @value or children {hasValue() or (children().count() > id.count())}
"
"ResearchStudy.associatedParty.role","ResearchStudy.associatedParty.role","","","",1,1,"","","","CodeableConcept {[]} {[]}
","sponsor | lead-sponsor | sponsor-investigator | primary-investigator | collaborator | funding-source | general-contact | recruitment-contact | sub-investigator | study-director | study-chair","Type of association.","","","","","","","","","",,"extensible","desc.","http://hl7.org/fhir/ValueSet/research-study-party-role","",,,,"ResearchStudy.associatedParty.role",1,1,"","ele-1:All FHIR elements must have a @value or children {hasValue() or (children().count() > id.count())}
"
"ResearchStudy.associatedParty.period","ResearchStudy.associatedParty.period","","","",0,*,"","","","Period {[]} {[]}
","When active in the role","Identifies the start date and the end date of the associated party in the role.","The cardinality is 0..* due to the fact that an associated party may be intermittently active in a given role over multiple time periods.","","","","","","","","",,,,,"",,,,"ResearchStudy.associatedParty.period",0,*,"","ele-1:All FHIR elements must have a @value or children {hasValue() or (children().count() > id.count())}
"
"ResearchStudy.associatedParty.classifier","ResearchStudy.associatedParty.classifier","","","",0,*,"","","","CodeableConcept {[]} {[]}
","nih | fda | government | nonprofit | academic | industry","A categorization other than role for the associated party.","","","","","","","","","",,"example","A characterization or type of the entity.","http://hl7.org/fhir/ValueSet/research-study-party-organization-type","",,,,"ResearchStudy.associatedParty.classifier",0,*,"","ele-1:All FHIR elements must have a @value or children {hasValue() or (children().count() > id.count())}
"
"ResearchStudy.associatedParty.party","ResearchStudy.associatedParty.party","","","",0,1,"","","","Reference {[]} {[CanonicalType[http://hl7.org/fhir/StructureDefinition/Practitioner], CanonicalType[http://hl7.org/fhir/StructureDefinition/PractitionerRole], CanonicalType[http://hl7.org/fhir/StructureDefinition/Organization]]}
","Individual or organization associated with study (use practitionerRole to specify their organisation)","Individual or organization associated with study (use practitionerRole to specify their organisation).","Suggestions of a better attribute name are appreciated","","","","","","","","",,,,,"",,,,"ResearchStudy.associatedParty.party",0,1,"","ele-1:All FHIR elements must have a @value or children {hasValue() or (children().count() > id.count())}
"
"ResearchStudy.progressStatus","ResearchStudy.progressStatus","","","",0,*,"","","","BackboneElement {[]} {[]}
","Status of study with time for that status","Status of study with time for that status.","","","","","","","","","",,,,,"",,,,"ResearchStudy.progressStatus",0,*,"","ele-1:All FHIR elements must have a @value or children {hasValue() or (children().count() > id.count())}
"
"ResearchStudy.progressStatus.id","ResearchStudy.progressStatus.id","","","",0,1,"","","","string {[]} {[]}
","Unique id for inter-element referencing","Unique id for the element within a resource (for internal references). This may be any string value that does not contain spaces.","","","","","","","","","",,,,,"",,,,"Element.id",0,1,"ele-1
","","n/a"
"ResearchStudy.progressStatus.extension","ResearchStudy.progressStatus.extension","","extensions
user content","",0,*,"","","","Extension {[]} {[]}
","Additional content defined by implementations","May be used to represent additional information that is not part of the basic definition of the element. To make the use of extensions safe and managable, there is a strict set of governance applied to the definition and use of extensions. Though any implementer can define an extension, there is a set of requirements that SHALL be met as part of the definition of the extension.","There can be no stigma associated with the use of extensions by any application, project, or standard - regardless of the institution or jurisdiction that uses or defines the extensions.  The use of extensions is what allows the FHIR specification to retain a core level of simplicity for everyone.","","","","","","","","",,,,,"",,,,"Element.extension",0,*,"","ele-1:All FHIR elements must have a @value or children {hasValue() or (children().count() > id.count())}
ext-1:Must have either extensions or value[x], not both {extension.exists() != value.exists()}","n/a"
"ResearchStudy.progressStatus.modifierExtension","ResearchStudy.progressStatus.modifierExtension","","extensions
user contentmodifiers","",0,*,"","Y","Y","Extension {[]} {[]}
","Extensions that cannot be ignored even if unrecognized","May be used to represent additional information that is not part of the basic definition of the element and that modifies the understanding of the element in which it is contained and/or the understanding of the containing element's descendants. Usually modifier elements provide negation or qualification. To make the use of extensions safe and managable, there is a strict set of governance applied to the definition and use of extensions. Though any implementer can define an extension, there is a set of requirements that SHALL be met as part of the definition of the extension. Applications processing a resource are required to check for modifier extensions.

Modifier extensions SHALL NOT change the meaning of any elements on Resource or DomainResource (including cannot change the meaning of modifierExtension itself).","There can be no stigma associated with the use of extensions by any application, project, or standard - regardless of the institution or jurisdiction that uses or defines the extensions.  The use of extensions is what allows the FHIR specification to retain a core level of simplicity for everyone.","Modifier extensions allow for extensions that *cannot* be safely ignored to be clearly distinguished from the vast majority of extensions which can be safely ignored.  This promotes interoperability by eliminating the need for implementers to prohibit the presence of extensions. For further information, see the [definition of modifier extensions](http://hl7.org/fhir/R5/extensibility.html#modifierExtension).","","","","","","","",,,,,"",,,,"BackboneElement.modifierExtension",0,*,"","ele-1:All FHIR elements must have a @value or children {hasValue() or (children().count() > id.count())}
ext-1:Must have either extensions or value[x], not both {extension.exists() != value.exists()}","N/A"
"ResearchStudy.progressStatus.state","ResearchStudy.progressStatus.state","","","",1,1,"","","","CodeableConcept {[]} {[]}
","Label for status or state (e.g. recruitment status)","Label for status or state (e.g. recruitment status).","","","","","","","","","",,"extensible","defn.","http://hl7.org/fhir/ValueSet/research-study-status","",,,,"ResearchStudy.progressStatus.state",1,1,"","ele-1:All FHIR elements must have a @value or children {hasValue() or (children().count() > id.count())}
"
"ResearchStudy.progressStatus.actual","ResearchStudy.progressStatus.actual","","","",0,1,"","","","boolean {[]} {[]}
","Actual if true else anticipated","An indication of whether or not the date is a known date when the state changed or will change. A value of true indicates a known date. A value of false indicates an estimated date.","","","","","","","","","",,,,,"",,,,"ResearchStudy.progressStatus.actual",0,1,"","ele-1:All FHIR elements must have a @value or children {hasValue() or (children().count() > id.count())}
"
"ResearchStudy.progressStatus.period","ResearchStudy.progressStatus.period","","","",0,1,"","","","Period {[]} {[]}
","Date range","Date range.","","","","","","","","","",,,,,"",,,,"ResearchStudy.progressStatus.period",0,1,"","ele-1:All FHIR elements must have a @value or children {hasValue() or (children().count() > id.count())}
"
"ResearchStudy.whyStopped","ResearchStudy.whyStopped","","","",0,1,"","","Y","CodeableConcept {[]} {[]}
","accrual-goal-met | closed-due-to-toxicity | closed-due-to-lack-of-study-progress | temporarily-closed-per-study-design","A description and/or code explaining the premature termination of the study.","","","","","","","","","",,"example","Codes for why the study ended prematurely.","http://hl7.org/fhir/ValueSet/research-study-reason-stopped","",,,,"ResearchStudy.whyStopped",0,1,"","ele-1:All FHIR elements must have a @value or children {hasValue() or (children().count() > id.count())}
","FiveWs.why[x]","StudyOverallStatus.studyStoppedReasonCode","Why Study Stopped"
"ResearchStudy.recruitment","ResearchStudy.recruitment","","","",0,1,"","","Y","BackboneElement {[]} {[]}
","Target or actual group of participants enrolled in study","Target or actual group of participants enrolled in study.","","","","","","","","","",,,,,"",,,,"ResearchStudy.recruitment",0,1,"","ele-1:All FHIR elements must have a @value or children {hasValue() or (children().count() > id.count())}
","FiveWs.subject[x]","InterventionalStudyProtocol.interventionGroupQuantity",".participation[typeCode=SBJ].role","Enrollment; Number of Groups/Cohorts (= number of ""enrollment"" instances); Groups (Group/Cohort Label = Group.name; Group/Cohort Description = Group.description); Eligibility (Group criteria)"
"ResearchStudy.recruitment.id","ResearchStudy.recruitment.id","","","",0,1,"","","","string {[]} {[]}
","Unique id for inter-element referencing","Unique id for the element within a resource (for internal references). This may be any string value that does not contain spaces.","","","","","","","","","",,,,,"",,,,"Element.id",0,1,"ele-1
","","n/a"
"ResearchStudy.recruitment.extension","ResearchStudy.recruitment.extension","","extensions
user content","",0,*,"","","","Extension {[]} {[]}
","Additional content defined by implementations","May be used to represent additional information that is not part of the basic definition of the element. To make the use of extensions safe and managable, there is a strict set of governance applied to the definition and use of extensions. Though any implementer can define an extension, there is a set of requirements that SHALL be met as part of the definition of the extension.","There can be no stigma associated with the use of extensions by any application, project, or standard - regardless of the institution or jurisdiction that uses or defines the extensions.  The use of extensions is what allows the FHIR specification to retain a core level of simplicity for everyone.","","","","","","","","",,,,,"",,,,"Element.extension",0,*,"","ele-1:All FHIR elements must have a @value or children {hasValue() or (children().count() > id.count())}
ext-1:Must have either extensions or value[x], not both {extension.exists() != value.exists()}","n/a"
"ResearchStudy.recruitment.modifierExtension","ResearchStudy.recruitment.modifierExtension","","extensions
user contentmodifiers","",0,*,"","Y","Y","Extension {[]} {[]}
","Extensions that cannot be ignored even if unrecognized","May be used to represent additional information that is not part of the basic definition of the element and that modifies the understanding of the element in which it is contained and/or the understanding of the containing element's descendants. Usually modifier elements provide negation or qualification. To make the use of extensions safe and managable, there is a strict set of governance applied to the definition and use of extensions. Though any implementer can define an extension, there is a set of requirements that SHALL be met as part of the definition of the extension. Applications processing a resource are required to check for modifier extensions.

Modifier extensions SHALL NOT change the meaning of any elements on Resource or DomainResource (including cannot change the meaning of modifierExtension itself).","There can be no stigma associated with the use of extensions by any application, project, or standard - regardless of the institution or jurisdiction that uses or defines the extensions.  The use of extensions is what allows the FHIR specification to retain a core level of simplicity for everyone.","Modifier extensions allow for extensions that *cannot* be safely ignored to be clearly distinguished from the vast majority of extensions which can be safely ignored.  This promotes interoperability by eliminating the need for implementers to prohibit the presence of extensions. For further information, see the [definition of modifier extensions](http://hl7.org/fhir/R5/extensibility.html#modifierExtension).","","","","","","","",,,,,"",,,,"BackboneElement.modifierExtension",0,*,"","ele-1:All FHIR elements must have a @value or children {hasValue() or (children().count() > id.count())}
ext-1:Must have either extensions or value[x], not both {extension.exists() != value.exists()}","N/A"
"ResearchStudy.recruitment.targetNumber","ResearchStudy.recruitment.targetNumber","","","",0,1,"","","","unsignedInt {[]} {[]}
","Estimated total number of participants to be enrolled","Estimated total number of participants to be enrolled.","","","","","","","","","",,,,,"",,,,"ResearchStudy.recruitment.targetNumber",0,1,"","ele-1:All FHIR elements must have a @value or children {hasValue() or (children().count() > id.count())}
"
"ResearchStudy.recruitment.actualNumber","ResearchStudy.recruitment.actualNumber","","","",0,1,"","","","unsignedInt {[]} {[]}
","Actual total number of participants enrolled in study","Actual total number of participants enrolled in study.","","","","","","","","","",,,,,"",,,,"ResearchStudy.recruitment.actualNumber",0,1,"","ele-1:All FHIR elements must have a @value or children {hasValue() or (children().count() > id.count())}
"
"ResearchStudy.recruitment.eligibility","ResearchStudy.recruitment.eligibility","","","",0,1,"","","","Reference {[]} {[CanonicalType[http://hl7.org/fhir/StructureDefinition/Group], CanonicalType[http://hl7.org/fhir/StructureDefinition/EvidenceVariable]]}
","Inclusion and exclusion criteria","Inclusion and exclusion criteria.","","","","","","","","","",,,,,"",,,,"ResearchStudy.recruitment.eligibility",0,1,"","ele-1:All FHIR elements must have a @value or children {hasValue() or (children().count() > id.count())}
"
"ResearchStudy.recruitment.actualGroup","ResearchStudy.recruitment.actualGroup","","","",0,1,"","","Y","Reference {[]} {[CanonicalType[http://hl7.org/fhir/StructureDefinition/Group]]}
","Group of participants who were enrolled in study","Group of participants who were enrolled in study.","","","","","","","","","",,,,,"",,,,"ResearchStudy.recruitment.actualGroup",0,1,"","ele-1:All FHIR elements must have a @value or children {hasValue() or (children().count() > id.count())}
","FiveWs.subject[x]","InterventionalStudyProtocol.interventionGroupQuantity",".participation[typeCode=SBJ].role","Enrollment; Number of Groups/Cohorts (= number of ""enrollment"" instances); Groups (Group/Cohort Label = Group.name; Group/Cohort Description = Group.description); Eligibility (Group criteria)"
"ResearchStudy.comparisonGroup","ResearchStudy.comparisonGroup","","arm
","",0,*,"","","","BackboneElement {[]} {[]}
","Defined path through the study for a subject","Describes an expected event or sequence of events for one of the subjects of a study. E.g. for a living subject: exposure to drug A, wash-out, exposure to drug B, wash-out, follow-up. E.g. for a stability study: {store sample from lot A at 25 degrees for 1 month}, {store sample from lot A at 40 degrees for 1 month}.","In many clinical trials this is refered to as the ARM of the study, but such a term is not used in other sorts of trials even when there is a comparison between two or more groups.","","","","","","","","",,,,,"",,,,"ResearchStudy.comparisonGroup",0,*,"","ele-1:All FHIR elements must have a @value or children {hasValue() or (children().count() > id.count())}
","Arm","Arms"
"ResearchStudy.comparisonGroup.id","ResearchStudy.comparisonGroup.id","","","",0,1,"","","","string {[]} {[]}
","Unique id for inter-element referencing","Unique id for the element within a resource (for internal references). This may be any string value that does not contain spaces.","","","","","","","","","",,,,,"",,,,"Element.id",0,1,"ele-1
","","n/a"
"ResearchStudy.comparisonGroup.extension","ResearchStudy.comparisonGroup.extension","","extensions
user content","",0,*,"","","","Extension {[]} {[]}
","Additional content defined by implementations","May be used to represent additional information that is not part of the basic definition of the element. To make the use of extensions safe and managable, there is a strict set of governance applied to the definition and use of extensions. Though any implementer can define an extension, there is a set of requirements that SHALL be met as part of the definition of the extension.","There can be no stigma associated with the use of extensions by any application, project, or standard - regardless of the institution or jurisdiction that uses or defines the extensions.  The use of extensions is what allows the FHIR specification to retain a core level of simplicity for everyone.","","","","","","","","",,,,,"",,,,"Element.extension",0,*,"","ele-1:All FHIR elements must have a @value or children {hasValue() or (children().count() > id.count())}
ext-1:Must have either extensions or value[x], not both {extension.exists() != value.exists()}","n/a"
"ResearchStudy.comparisonGroup.modifierExtension","ResearchStudy.comparisonGroup.modifierExtension","","extensions
user contentmodifiers","",0,*,"","Y","Y","Extension {[]} {[]}
","Extensions that cannot be ignored even if unrecognized","May be used to represent additional information that is not part of the basic definition of the element and that modifies the understanding of the element in which it is contained and/or the understanding of the containing element's descendants. Usually modifier elements provide negation or qualification. To make the use of extensions safe and managable, there is a strict set of governance applied to the definition and use of extensions. Though any implementer can define an extension, there is a set of requirements that SHALL be met as part of the definition of the extension. Applications processing a resource are required to check for modifier extensions.

Modifier extensions SHALL NOT change the meaning of any elements on Resource or DomainResource (including cannot change the meaning of modifierExtension itself).","There can be no stigma associated with the use of extensions by any application, project, or standard - regardless of the institution or jurisdiction that uses or defines the extensions.  The use of extensions is what allows the FHIR specification to retain a core level of simplicity for everyone.","Modifier extensions allow for extensions that *cannot* be safely ignored to be clearly distinguished from the vast majority of extensions which can be safely ignored.  This promotes interoperability by eliminating the need for implementers to prohibit the presence of extensions. For further information, see the [definition of modifier extensions](http://hl7.org/fhir/R5/extensibility.html#modifierExtension).","","","","","","","",,,,,"",,,,"BackboneElement.modifierExtension",0,*,"","ele-1:All FHIR elements must have a @value or children {hasValue() or (children().count() > id.count())}
ext-1:Must have either extensions or value[x], not both {extension.exists() != value.exists()}","N/A"
"ResearchStudy.comparisonGroup.linkId","ResearchStudy.comparisonGroup.linkId","","","",0,1,"","","","id {[]} {[]}
","Allows the comparisonGroup for the study and the comparisonGroup for the subject to be linked easily","Allows the comparisonGroup for the study and the comparisonGroup for the subject to be linked easily.","","","","","","","","","",,,,,"",,,,"ResearchStudy.comparisonGroup.linkId",0,1,"","ele-1:All FHIR elements must have a @value or children {hasValue() or (children().count() > id.count())}
"
"ResearchStudy.comparisonGroup.name","ResearchStudy.comparisonGroup.name","","","",1,1,"","","","string {[]} {[]}
","Label for study comparisonGroup","Unique, human-readable label for this comparisonGroup of the study.","","","","","","","","","",,,,,"",,,,"ResearchStudy.comparisonGroup.name",1,1,"","ele-1:All FHIR elements must have a @value or children {hasValue() or (children().count() > id.count())}
","Arm.name","Arm Label"
"ResearchStudy.comparisonGroup.type","ResearchStudy.comparisonGroup.type","","","",0,1,"","","","CodeableConcept {[]} {[]}
","Categorization of study comparisonGroup","Categorization of study comparisonGroup, e.g. experimental, active comparator, placebo comparater.","","","","","","","","","",,"extensible","desc.","http://hl7.org/fhir/ValueSet/research-study-arm-type","",,,,"ResearchStudy.comparisonGroup.type",0,1,"","ele-1:All FHIR elements must have a @value or children {hasValue() or (children().count() > id.count())}
","Arm.typeCode","Arm Type"
"ResearchStudy.comparisonGroup.description","ResearchStudy.comparisonGroup.description","","","",0,1,"","","","markdown {[]} {[]}
","Short explanation of study path","A succinct description of the path through the study that would be followed by a subject adhering to this comparisonGroup.","","","","","","","","","",,,,,"",,,,"ResearchStudy.comparisonGroup.description",0,1,"","ele-1:All FHIR elements must have a @value or children {hasValue() or (children().count() > id.count())}
","Arm.description","Arm Description"
"ResearchStudy.comparisonGroup.intendedExposure","ResearchStudy.comparisonGroup.intendedExposure","","","",0,*,"","","","Reference {[]} {[CanonicalType[http://hl7.org/fhir/StructureDefinition/EvidenceVariable]]}
","Interventions or exposures in this comparisonGroup or cohort","Interventions or exposures in this comparisonGroup or cohort.","","this is necessary for ClinicalTrials.gov use which relates  1 to many interventions to comparisonGroups (aka arms)","","","","","","","",,,,,"",,,,"ResearchStudy.comparisonGroup.intendedExposure",0,*,"","ele-1:All FHIR elements must have a @value or children {hasValue() or (children().count() > id.count())}
"
"ResearchStudy.comparisonGroup.observedGroup","ResearchStudy.comparisonGroup.observedGroup","","","",0,1,"","","","Reference {[]} {[CanonicalType[http://hl7.org/fhir/StructureDefinition/Group]]}
","Group of participants who were enrolled in study comparisonGroup","Group of participants who were enrolled in study comparisonGroup.","","This is necessary to relate comparisonGroups to actual groups","","","","","","","",,,,,"",,,,"ResearchStudy.comparisonGroup.observedGroup",0,1,"","ele-1:All FHIR elements must have a @value or children {hasValue() or (children().count() > id.count())}
"
"ResearchStudy.objective","ResearchStudy.objective","","","",0,*,"","","","BackboneElement {[]} {[]}
","A goal for the study","A goal that the study is aiming to achieve in terms of a scientific question to be answered by the analysis of data collected during the study.","","","","","","","","","",,,,,"",,,,"ResearchStudy.objective",0,*,"","ele-1:All FHIR elements must have a @value or children {hasValue() or (children().count() > id.count())}
","StudyObjective"
"ResearchStudy.objective.id","ResearchStudy.objective.id","","","",0,1,"","","","string {[]} {[]}
","Unique id for inter-element referencing","Unique id for the element within a resource (for internal references). This may be any string value that does not contain spaces.","","","","","","","","","",,,,,"",,,,"Element.id",0,1,"ele-1
","","n/a"
"ResearchStudy.objective.extension","ResearchStudy.objective.extension","","extensions
user content","",0,*,"","","","Extension {[]} {[]}
","Additional content defined by implementations","May be used to represent additional information that is not part of the basic definition of the element. To make the use of extensions safe and managable, there is a strict set of governance applied to the definition and use of extensions. Though any implementer can define an extension, there is a set of requirements that SHALL be met as part of the definition of the extension.","There can be no stigma associated with the use of extensions by any application, project, or standard - regardless of the institution or jurisdiction that uses or defines the extensions.  The use of extensions is what allows the FHIR specification to retain a core level of simplicity for everyone.","","","","","","","","",,,,,"",,,,"Element.extension",0,*,"","ele-1:All FHIR elements must have a @value or children {hasValue() or (children().count() > id.count())}
ext-1:Must have either extensions or value[x], not both {extension.exists() != value.exists()}","n/a"
"ResearchStudy.objective.modifierExtension","ResearchStudy.objective.modifierExtension","","extensions
user contentmodifiers","",0,*,"","Y","Y","Extension {[]} {[]}
","Extensions that cannot be ignored even if unrecognized","May be used to represent additional information that is not part of the basic definition of the element and that modifies the understanding of the element in which it is contained and/or the understanding of the containing element's descendants. Usually modifier elements provide negation or qualification. To make the use of extensions safe and managable, there is a strict set of governance applied to the definition and use of extensions. Though any implementer can define an extension, there is a set of requirements that SHALL be met as part of the definition of the extension. Applications processing a resource are required to check for modifier extensions.

Modifier extensions SHALL NOT change the meaning of any elements on Resource or DomainResource (including cannot change the meaning of modifierExtension itself).","There can be no stigma associated with the use of extensions by any application, project, or standard - regardless of the institution or jurisdiction that uses or defines the extensions.  The use of extensions is what allows the FHIR specification to retain a core level of simplicity for everyone.","Modifier extensions allow for extensions that *cannot* be safely ignored to be clearly distinguished from the vast majority of extensions which can be safely ignored.  This promotes interoperability by eliminating the need for implementers to prohibit the presence of extensions. For further information, see the [definition of modifier extensions](http://hl7.org/fhir/R5/extensibility.html#modifierExtension).","","","","","","","",,,,,"",,,,"BackboneElement.modifierExtension",0,*,"","ele-1:All FHIR elements must have a @value or children {hasValue() or (children().count() > id.count())}
ext-1:Must have either extensions or value[x], not both {extension.exists() != value.exists()}","N/A"
"ResearchStudy.objective.name","ResearchStudy.objective.name","","","",0,1,"","","","string {[]} {[]}
","Label for the objective","Unique, human-readable label for this objective of the study.","","","","","","","","","",,,,,"",,,,"ResearchStudy.objective.name",0,1,"","ele-1:All FHIR elements must have a @value or children {hasValue() or (children().count() > id.count())}
","No BRIDG mapping (BRIDG has a description, but not a name)"
"ResearchStudy.objective.type","ResearchStudy.objective.type","","","",0,1,"","","","CodeableConcept {[]} {[]}
","primary | secondary | exploratory","The kind of study objective.","","","","","","","","","",,"preferred","Codes for the kind of study objective.","http://hl7.org/fhir/ValueSet/research-study-objective-type","",,,,"ResearchStudy.objective.type",0,1,"","ele-1:All FHIR elements must have a @value or children {hasValue() or (children().count() > id.count())}
","StudyObjective.typeCode"
"ResearchStudy.objective.description","ResearchStudy.objective.description","","","",0,1,"","","","markdown {[]} {[]}
","Description of the objective","Free text description of the objective of the study.  This is what the study is trying to achieve rather than how it is going to achieve it (see ResearchStudy.description).","","","","","","","","","",,,,,"",,,,"ResearchStudy.objective.description",0,1,"","ele-1:All FHIR elements must have a @value or children {hasValue() or (children().count() > id.count())}
"
"ResearchStudy.outcomeMeasure","ResearchStudy.outcomeMeasure","","","",0,*,"","","","BackboneElement {[]} {[]}
","A variable measured during the study","An ""outcome measure"", ""endpoint"", ""effect measure"" or ""measure of effect"" is a specific measurement or observation used to quantify the effect of experimental variables on the participants in a study, or for observational studies, to describe patterns of diseases or traits or associations with exposures, risk factors or treatment.","A study may have multiple distinct outcome measures that can be used to assess the overall goal for a study. The goal of a study is in the objective whereas the metric by which the goal is assessed is the outcomeMeasure. Examples: Time to Local Recurrence (TLR), Disease-free Survival (DFS), 30 Day Mortality, Systolic BP","","","","","","","","",,,,,"",,,,"ResearchStudy.outcomeMeasure",0,*,"","ele-1:All FHIR elements must have a @value or children {hasValue() or (children().count() > id.count())}
"
"ResearchStudy.outcomeMeasure.id","ResearchStudy.outcomeMeasure.id","","","",0,1,"","","","string {[]} {[]}
","Unique id for inter-element referencing","Unique id for the element within a resource (for internal references). This may be any string value that does not contain spaces.","","","","","","","","","",,,,,"",,,,"Element.id",0,1,"ele-1
","","n/a"
"ResearchStudy.outcomeMeasure.extension","ResearchStudy.outcomeMeasure.extension","","extensions
user content","",0,*,"","","","Extension {[]} {[]}
","Additional content defined by implementations","May be used to represent additional information that is not part of the basic definition of the element. To make the use of extensions safe and managable, there is a strict set of governance applied to the definition and use of extensions. Though any implementer can define an extension, there is a set of requirements that SHALL be met as part of the definition of the extension.","There can be no stigma associated with the use of extensions by any application, project, or standard - regardless of the institution or jurisdiction that uses or defines the extensions.  The use of extensions is what allows the FHIR specification to retain a core level of simplicity for everyone.","","","","","","","","",,,,,"",,,,"Element.extension",0,*,"","ele-1:All FHIR elements must have a @value or children {hasValue() or (children().count() > id.count())}
ext-1:Must have either extensions or value[x], not both {extension.exists() != value.exists()}","n/a"
"ResearchStudy.outcomeMeasure.modifierExtension","ResearchStudy.outcomeMeasure.modifierExtension","","extensions
user contentmodifiers","",0,*,"","Y","Y","Extension {[]} {[]}
","Extensions that cannot be ignored even if unrecognized","May be used to represent additional information that is not part of the basic definition of the element and that modifies the understanding of the element in which it is contained and/or the understanding of the containing element's descendants. Usually modifier elements provide negation or qualification. To make the use of extensions safe and managable, there is a strict set of governance applied to the definition and use of extensions. Though any implementer can define an extension, there is a set of requirements that SHALL be met as part of the definition of the extension. Applications processing a resource are required to check for modifier extensions.

Modifier extensions SHALL NOT change the meaning of any elements on Resource or DomainResource (including cannot change the meaning of modifierExtension itself).","There can be no stigma associated with the use of extensions by any application, project, or standard - regardless of the institution or jurisdiction that uses or defines the extensions.  The use of extensions is what allows the FHIR specification to retain a core level of simplicity for everyone.","Modifier extensions allow for extensions that *cannot* be safely ignored to be clearly distinguished from the vast majority of extensions which can be safely ignored.  This promotes interoperability by eliminating the need for implementers to prohibit the presence of extensions. For further information, see the [definition of modifier extensions](http://hl7.org/fhir/R5/extensibility.html#modifierExtension).","","","","","","","",,,,,"",,,,"BackboneElement.modifierExtension",0,*,"","ele-1:All FHIR elements must have a @value or children {hasValue() or (children().count() > id.count())}
ext-1:Must have either extensions or value[x], not both {extension.exists() != value.exists()}","N/A"
"ResearchStudy.outcomeMeasure.name","ResearchStudy.outcomeMeasure.name","","","",0,1,"","","","string {[]} {[]}
","Label for the outcome","Label for the outcome.","","","","","","","","","",,,,,"",,,,"ResearchStudy.outcomeMeasure.name",0,1,"","ele-1:All FHIR elements must have a @value or children {hasValue() or (children().count() > id.count())}
"
"ResearchStudy.outcomeMeasure.type","ResearchStudy.outcomeMeasure.type","","","",0,*,"","","","CodeableConcept {[]} {[]}
","primary | secondary | exploratory","The parameter or characteristic being assessed as one of the values by which the study is assessed.","","","","","","","","","",,"preferred","defn.","http://hl7.org/fhir/ValueSet/research-study-objective-type","",,,,"ResearchStudy.outcomeMeasure.type",0,*,"","ele-1:All FHIR elements must have a @value or children {hasValue() or (children().count() > id.count())}
"
"ResearchStudy.outcomeMeasure.description","ResearchStudy.outcomeMeasure.description","","","",0,1,"","","","markdown {[]} {[]}
","Description of the outcome","Description of the outcome.","","","","","","","","","",,,,,"",,,,"ResearchStudy.outcomeMeasure.description",0,1,"","ele-1:All FHIR elements must have a @value or children {hasValue() or (children().count() > id.count())}
"
"ResearchStudy.outcomeMeasure.reference","ResearchStudy.outcomeMeasure.reference","","","",0,1,"","","","Reference {[]} {[CanonicalType[http://hl7.org/fhir/StructureDefinition/EvidenceVariable]]}
","Structured outcome definition","Structured outcome definition.","","","","","","","","","",,,,,"",,,,"ResearchStudy.outcomeMeasure.reference",0,1,"","ele-1:All FHIR elements must have a @value or children {hasValue() or (children().count() > id.count())}
"
"ResearchStudy.result","ResearchStudy.result","","","",0,*,"","","Y","Reference {[]} {[CanonicalType[http://hl7.org/fhir/StructureDefinition/EvidenceReport], CanonicalType[http://hl7.org/fhir/StructureDefinition/Citation], CanonicalType[http://hl7.org/fhir/StructureDefinition/DiagnosticReport]]}
","Link to results generated during the study","Link to one or more sets of results generated by the study.  Could also link to a research registry holding the results such as ClinicalTrials.gov.","","","","","","","","","",,,,,"",,,,"ResearchStudy.result",0,*,"","ele-1:All FHIR elements must have a @value or children {hasValue() or (children().count() > id.count())}
"
