"Id","Path","Slice Name","Alias(s)","Label","Min","Max","Must Support?","Is Modifier?","Is Summary?","Type(s)","Short","Definition","Comments","Requirements","Default Value","Meaning When Missing","Fixed Value","Pattern","Example","Minimum Value","Maximum Value","Maximum Length","Binding Strength","Binding Description","Binding Value Set","Code","Slicing Discriminator","Slicing Description","Slicing Ordered","Slicing Rules","Base Path","Base Min","Base Max","Condition(s)","Constraint(s)","Mapping: BRIDG 5.1 Mapping","Mapping: HL7 v2 Mapping","Mapping: RIM Mapping","Mapping: ClinicalTrials.gov Mapping","Mapping: FiveWs Pattern Mapping"
"ResearchStudy","ResearchStudy","","Clinical Trial
Study","",0,*,"","","","null {[]} {[]}
","Investigation to increase healthcare-related patient-independent knowledge","A process where a researcher or organization plans and then executes a series of steps intended to increase the field of healthcare-related knowledge.  This includes studies of safety, efficacy, comparative effectiveness and other information about medications, devices, therapies and other interventional and investigative techniques.  A ResearchStudy involves the gathering of information about human or animal subjects.","Need to make sure we encompass public health studies.","","","","","","","","",,,,,"",,,,"ResearchStudy",0,*,"","dom-2:If the resource is contained in another resource, it SHALL NOT contain nested Resources {contained.contained.empty()}
dom-4:If a resource is contained in another resource, it SHALL NOT have a meta.versionId or a meta.lastUpdated {contained.meta.versionId.empty() and contained.meta.lastUpdated.empty()}dom-3:If the resource is contained in another resource, it SHALL be referred to from elsewhere in the resource or SHALL refer to the containing resource {contained.where((('#'+id in (%resource.descendants().reference | %resource.descendants().as(canonical) | %resource.descendants().as(uri) | %resource.descendants().as(url))) or descendants().where(reference = '#').exists() or descendants().where(as(canonical) = '#').exists() or descendants().where(as(canonical) = '#').exists()).not()).trace('unmatched', id).empty()}dom-6:A resource should have narrative for robust management {text.`div`.exists()}dom-5:If a resource is contained in another resource, it SHALL NOT have a security label {contained.meta.security.empty()}","ObservationalStudyProtocolVersion; Study;
StudyProtocolVersion","OBX","Entity. Role, or Act","Observation[classCode=CLNTRL, moodCode=EVN]"
"ResearchStudy.id","ResearchStudy.id","","","",0,1,"","","Y","id {[]} {[]}
","Logical id of this artifact","The logical id of the resource, as used in the URL for the resource. Once assigned, this value never changes.","The only time that a resource does not have an id is when it is being submitted to the server using a create operation.","","","","","","","","",,,,,"",,,,"Resource.id",0,1,"",""
"ResearchStudy.meta","ResearchStudy.meta","","","",0,1,"","","Y","Meta {[]} {[]}
","Metadata about the resource","The metadata about the resource. This is content that is maintained by the infrastructure. Changes to the content might not always be associated with version changes to the resource.","","","","","","","","","",,,,,"",,,,"Resource.meta",0,1,"ele-1
","ele-1:All FHIR elements must have a @value or children {hasValue() or (children().count() > id.count())}
","n/a","N/A"
"ResearchStudy.implicitRules","ResearchStudy.implicitRules","","","",0,1,"","Y","Y","uri {[]} {[]}
","A set of rules under which this content was created","A reference to a set of rules that were followed when the resource was constructed, and which must be understood when processing the content. Often, this is a reference to an implementation guide that defines the special rules along with other profiles etc.","Asserting this rule set restricts the content to be only understood by a limited set of trading partners. This inherently limits the usefulness of the data in the long term. However, the existing health eco-system is highly fractured, and not yet ready to define, collect, and exchange data in a generally computable sense. Wherever possible, implementers and/or specification writers should avoid using this element. Often, when used, the URL is a reference to an implementation guide that defines these special rules as part of it's narrative along with other profiles, value sets, etc.","","","","","","","","",,,,,"",,,,"Resource.implicitRules",0,1,"ele-1
","ele-1:All FHIR elements must have a @value or children {hasValue() or (children().count() > id.count())}
","n/a"
"ResearchStudy.language","ResearchStudy.language","","","",0,1,"","","","code {[]} {[]}
","Language of the resource content","The base language in which the resource is written.","Language is provided to support indexing and accessibility (typically, services such as text to speech use the language tag). The html language tag in the narrative applies  to the narrative. The language tag on the resource may be used to specify the language of other presentations generated from the data in the resource. Not all the content has to be in the base language. The Resource.language should not be assumed to apply to the narrative automatically. If a language is specified, it should it also be specified on the div element in the html (see rules in HTML5 for information about the relationship between xml:lang and the html lang attribute).","","","","","","","","",,"preferred","A human language.","http://hl7.org/fhir/ValueSet/languages","",,,,"Resource.language",0,1,"ele-1
","ele-1:All FHIR elements must have a @value or children {hasValue() or (children().count() > id.count())}
","n/a"
"ResearchStudy.text","ResearchStudy.text","","narrative
htmlxhtmldisplay","",0,1,"","","","Narrative {[]} {[]}
","Text summary of the resource, for human interpretation","A human-readable narrative that contains a summary of the resource and can be used to represent the content of the resource to a human. The narrative need not encode all the structured data, but is required to contain sufficient detail to make it ""clinically safe"" for a human to just read the narrative. Resource definitions may define what content should be represented in the narrative to ensure clinical safety.","Contained resources do not have narrative. Resources that are not contained SHOULD have a narrative. In some cases, a resource may only have text with little or no additional discrete data (as long as all minOccurs=1 elements are satisfied).  This may be necessary for data from legacy systems where information is captured as a ""text blob"" or where text is additionally entered raw or narrated and encoded information is added later.","","","","","","","","",,,,,"",,,,"DomainResource.text",0,1,"ele-1
","ele-1:All FHIR elements must have a @value or children {hasValue() or (children().count() > id.count())}
","n/a","N/A","Act.text?"
"ResearchStudy.contained","ResearchStudy.contained","","inline resources
anonymous resourcescontained resources","",0,*,"","","","Resource {[]} {[]}
","Contained, inline Resources","These resources do not have an independent existence apart from the resource that contains them - they cannot be identified independently, and nor can they have their own independent transaction scope.","This should never be done when the content can be identified properly, as once identification is lost, it is extremely difficult (and context dependent) to restore it again. Contained resources may have profiles and tags In their meta elements, but SHALL NOT have security labels.","","","","","","","","",,,,,"",,,,"DomainResource.contained",0,*,"","","Entity. Role, or Act","N/A"
"ResearchStudy.extension","ResearchStudy.extension","","extensions
user content","",0,*,"","","","Extension {[]} {[]}
","Additional content defined by implementations","May be used to represent additional information that is not part of the basic definition of the resource. To make the use of extensions safe and manageable, there is a strict set of governance  applied to the definition and use of extensions. Though any implementer can define an extension, there is a set of requirements that SHALL be met as part of the definition of the extension.","There can be no stigma associated with the use of extensions by any application, project, or standard - regardless of the institution or jurisdiction that uses or defines the extensions.  The use of extensions is what allows the FHIR specification to retain a core level of simplicity for everyone.","","","","","","","","",,,,,"","value:url}
","Extensions are always sliced by (at least) url",,"open","DomainResource.extension",0,*,"ele-1
","ele-1:All FHIR elements must have a @value or children {hasValue() or (children().count() > id.count())}
ext-1:Must have either extensions or value[x], not both {extension.exists() != value.exists()}","n/a","N/A"
"ResearchStudy.extension:eclaire-review-date","ResearchStudy.extension","eclaire-review-date","","",0,1,"Y","","","Extension {[CanonicalType[https://interop.esante.gouv.fr/ig/fhir/eclaire/StructureDefinition/eclaire-review-date]]} {[]}
","Date de dernière modification substancielle","Extension créée dans le cadre du projet API ECLAIRE afin de permettre l'ajout d'une date de révision fonctionnelle lorque que l'on souhaite indiquer la date de la dernière modification substancielle","","","","","","","","","",,,,,"",,,,"DomainResource.extension",0,*,"ele-1
","ele-1:All FHIR elements must have a @value or children {hasValue() or (children().count() > id.count())}
ext-1:Must have either extensions or value[x], not both {extension.exists() != value.exists()}"
"ResearchStudy.extension:eclaire-therapeutic-area","ResearchStudy.extension","eclaire-therapeutic-area","","",0,1,"Y","","","Extension {[CanonicalType[https://interop.esante.gouv.fr/ig/fhir/eclaire/StructureDefinition/eclaire-therapeutic-area]]} {[]}
","Domaine thérapeutique concerné","Extension créée dans le cadre du projet API ECLAIRE afin de permettre l'ajout du domaine thérapeutique concerné par l'essai","","","","","","","","","",,,,,"",,,,"DomainResource.extension",0,*,"ele-1
","ele-1:All FHIR elements must have a @value or children {hasValue() or (children().count() > id.count())}
ext-1:Must have either extensions or value[x], not both {extension.exists() != value.exists()}"
"ResearchStudy.extension:eclaire-recruitment-period","ResearchStudy.extension","eclaire-recruitment-period","","",0,1,"Y","","","Extension {[CanonicalType[https://interop.esante.gouv.fr/ig/fhir/eclaire/StructureDefinition/eclaire-recruitment-period]]} {[]}
","Période prévisionnelle de recrutement","Extension créée dans le cadre du projet API ECLAIRE afin de permettre l'ajout de la période prévisionnelle de recrutement l'essai","","","","","","","","","",,,,,"",,,,"DomainResource.extension",0,*,"ele-1
","ele-1:All FHIR elements must have a @value or children {hasValue() or (children().count() > id.count())}
ext-1:Must have either extensions or value[x], not both {extension.exists() != value.exists()}"
"ResearchStudy.extension:eclaire-secondary-sponsor","ResearchStudy.extension","eclaire-secondary-sponsor","","",0,*,"Y","","","Extension {[CanonicalType[https://interop.esante.gouv.fr/ig/fhir/eclaire/StructureDefinition/eclaire-secondary-sponsor]]} {[]}
","Promoteur(s) secondaire(s) / Secondary Sponsor(s)","Extension créée dans le cadre du projet API ECLAIRE afin de pouvoir renseigner le(s) promoteur(s) secondaire(s)","","","","","","","","","",,,,,"",,,,"DomainResource.extension",0,*,"ele-1
","ele-1:All FHIR elements must have a @value or children {hasValue() or (children().count() > id.count())}
ext-1:Must have either extensions or value[x], not both {extension.exists() != value.exists()}"
"ResearchStudy.extension:eclaire-recruitment-status","ResearchStudy.extension","eclaire-recruitment-status","","",0,1,"Y","","","Extension {[CanonicalType[https://interop.esante.gouv.fr/ig/fhir/eclaire/StructureDefinition/eclaire-recruitment-status]]} {[]}
","Statut du recrutement /Recruitment status","Extension créée dans le cadre du projet ECLAIRE pour indiquer le statut du recrutement","","","","","","","","","",,,,,"",,,,"DomainResource.extension",0,*,"ele-1
","ele-1:All FHIR elements must have a @value or children {hasValue() or (children().count() > id.count())}
ext-1:Must have either extensions or value[x], not both {extension.exists() != value.exists()}"
"ResearchStudy.extension:eclaire-description-summary-r5","ResearchStudy.extension","eclaire-description-summary-r5","","",0,1,"Y","","","Extension {[CanonicalType[http://hl7.org/fhir/5.0/StructureDefinition/extension-ResearchStudy.descriptionSummary]]} {[]}
","Texte bref décrivant l'essai / Brief text explaining the study.","Cette extension implemente l'élément descriptionSummary de R5. elle permet l'ajout d'un texte bref décrivant l'essai","","","","","","","","","",,,,,"",,,,"DomainResource.extension",0,*,"ele-1
","ele-1:All FHIR elements must have a @value or children {hasValue() or (children().count() > id.count())}
ext-1:Must have either extensions or value[x], not both {extension.exists() != value.exists()}","n/a","N/A"
"ResearchStudy.extension:eclaire-description-summary-r5.id","ResearchStudy.extension.id","","","",0,1,"","","","string {[]} {[]}
","Unique id for inter-element referencing","Unique id for the element within a resource (for internal references). This may be any string value that does not contain spaces.","","","","","","","","","",,,,,"",,,,"Element.id",0,1,"","","n/a"
"ResearchStudy.extension:eclaire-description-summary-r5.extension","ResearchStudy.extension.extension","","","",0,0,"","","","Extension {[]} {[]}
","Extension","An Extension","","","","","","","","","",,,,,"","value:url}
","Extensions are always sliced by (at least) url",,"open","Element.extension",0,*,"ele-1
","ele-1:All FHIR elements must have a @value or children {hasValue() or (children().count() > id.count())}
ext-1:Must have either extensions or value[x], not both {extension.exists() != value.exists()}"
"ResearchStudy.extension:eclaire-description-summary-r5.url","ResearchStudy.extension.url","","","",1,1,"","","","uri {[]} {[]}
","identifies the meaning of the extension","Source of the definition for the extension code - a logical name or a URL.","The definition may point directly to a computable or human-readable definition of the extensibility codes, or it may be a logical URI as declared in some other specification. The definition SHALL be a URI for the Structure Definition defining the extension.","","","","<valueUri xmlns=""http://hl7.org/fhir"" value=""http://hl7.org/fhir/5.0/StructureDefinition/extension-ResearchStudy.descriptionSummary""/>","","","","",,,,,"",,,,"Extension.url",1,1,"","","N/A"
"ResearchStudy.extension:eclaire-description-summary-r5.value[x]","ResearchStudy.extension.value[x]","","","",1,1,"","","","markdown {[]} {[]}
","Value of extension","Value of extension - must be one of a constrained set of the data types (see [Extensibility](http://hl7.org/fhir/R4/extensibility.html) for a list).","","","","","","","","","",,,,,"",,,,"Extension.value[x]",0,1,"ele-1
","ele-1:All FHIR elements must have a @value or children {hasValue() or (children().count() > id.count())}
","n/a","N/A"
"ResearchStudy.extension:eclaire-outcome-measure-r5","ResearchStudy.extension","eclaire-outcome-measure-r5","","",0,*,"Y","","","Extension {[CanonicalType[http://hl7.org/fhir/5.0/StructureDefinition/extension-ResearchStudy.outcomeMeasure]]} {[]}
","Conséquences principales (primary outcomes) + Conséquences secondaires (secondary outcomes)","Cette extension implemente l'élément outcomeMeasure de R5. elle permet l'ajout des conséquences principales et secondaires de l'essai","","","","","","","","","",,,,,"",,,,"DomainResource.extension",0,*,"ele-1
","ele-1:All FHIR elements must have a @value or children {hasValue() or (children().count() > id.count())}
ext-1:Must have either extensions or value[x], not both {extension.exists() != value.exists()}"
"ResearchStudy.extension:eclaire-label-r5","ResearchStudy.extension","eclaire-label-r5","","",0,*,"Y","","","Extension {[CanonicalType[http://hl7.org/fhir/5.0/StructureDefinition/extension-ResearchStudy.label]]} {[]}
","Autres titres et acronyme / Additional names for the study. Implémentation de l'élément label de R5","Cette extension implemente l'élément label de R5. elle permet l'ajout de plusieurs titres pour l'essai","","","","","","","","","",,,,,"",,,,"DomainResource.extension",0,*,"ele-1
","ele-1:All FHIR elements must have a @value or children {hasValue() or (children().count() > id.count())}
ext-1:Must have either extensions or value[x], not both {extension.exists() != value.exists()}"
"ResearchStudy.modifierExtension","ResearchStudy.modifierExtension","","extensions
user content","",0,*,"","Y","","Extension {[]} {[]}
","Extensions that cannot be ignored","May be used to represent additional information that is not part of the basic definition of the resource and that modifies the understanding of the element that contains it and/or the understanding of the containing element's descendants. Usually modifier elements provide negation or qualification. To make the use of extensions safe and manageable, there is a strict set of governance applied to the definition and use of extensions. Though any implementer is allowed to define an extension, there is a set of requirements that SHALL be met as part of the definition of the extension. Applications processing a resource are required to check for modifier extensions.

Modifier extensions SHALL NOT change the meaning of any elements on Resource or DomainResource (including cannot change the meaning of modifierExtension itself).","There can be no stigma associated with the use of extensions by any application, project, or standard - regardless of the institution or jurisdiction that uses or defines the extensions.  The use of extensions is what allows the FHIR specification to retain a core level of simplicity for everyone.","Modifier extensions allow for extensions that *cannot* be safely ignored to be clearly distinguished from the vast majority of extensions which can be safely ignored.  This promotes interoperability by eliminating the need for implementers to prohibit the presence of extensions. For further information, see the [definition of modifier extensions](http://hl7.org/fhir/R4/extensibility.html#modifierExtension).","","","","","","","",,,,,"","value:url}
","Extensions are always sliced by (at least) url",,"open","DomainResource.modifierExtension",0,*,"ele-1
","ele-1:All FHIR elements must have a @value or children {hasValue() or (children().count() > id.count())}
ext-1:Must have either extensions or value[x], not both {extension.exists() != value.exists()}","n/a","N/A"
"ResearchStudy.identifier","ResearchStudy.identifier","","","",0,*,"","","Y","Identifier {[]} {[]}
","Business Identifier for study","Identifiers assigned to this research study by the sponsor or other systems.","","Allows identification of the research study as it is known by various participating systems and in a way that remains consistent across servers.","","","","","","","",,,,,"","value:use}
","Slicing pour les différents identifiants de l'essai clinique",,"open","ResearchStudy.identifier",0,*,"ele-1
","ele-1:All FHIR elements must have a @value or children {hasValue() or (children().count() > id.count())}
","No BRIDG mapping (although there is  DocumentVersion.identifier > StudyProtocolDocumentVersion, this is arguably a different semantic)","CX / EI (occasionally, more often EI maps to a resource id or a URL)","n/a","II - The Identifier class is a little looser than the v3 type II because it allows URIs as well as registered OIDs or GUIDs.  Also maps to Role[classCode=IDENT]",".identifier","Organization's Unique Protocol ID; Secondary IDs","FiveWs.identifier"
"ResearchStudy.identifier:idPrimary","ResearchStudy.identifier","idPrimary","","",0,1,"Y","","Y","Identifier {[]} {[]}
","Identifiant primaire de l'essai clinique / Primary Registry and Trial Identifying Number","Identifiers assigned to this research study by the sponsor or other systems.","","Allows identification of the research study as it is known by various participating systems and in a way that remains consistent across servers.","","","","","","","",,,,,"",,,,"ResearchStudy.identifier",0,*,"ele-1
","ele-1:All FHIR elements must have a @value or children {hasValue() or (children().count() > id.count())}
","No BRIDG mapping (although there is  DocumentVersion.identifier > StudyProtocolDocumentVersion, this is arguably a different semantic)","CX / EI (occasionally, more often EI maps to a resource id or a URL)","n/a","II - The Identifier class is a little looser than the v3 type II because it allows URIs as well as registered OIDs or GUIDs.  Also maps to Role[classCode=IDENT]",".identifier","Organization's Unique Protocol ID; Secondary IDs","FiveWs.identifier"
"ResearchStudy.identifier:idPrimary.id","ResearchStudy.identifier.id","","","",0,1,"","","","string {[]} {[]}
","Unique id for inter-element referencing","Unique id for the element within a resource (for internal references). This may be any string value that does not contain spaces.","","","","","","","","","",,,,,"",,,,"Element.id",0,1,"","","n/a"
"ResearchStudy.identifier:idPrimary.extension","ResearchStudy.identifier.extension","","extensions
user content","",0,*,"","","","Extension {[]} {[]}
","Additional content defined by implementations","May be used to represent additional information that is not part of the basic definition of the element. To make the use of extensions safe and manageable, there is a strict set of governance  applied to the definition and use of extensions. Though any implementer can define an extension, there is a set of requirements that SHALL be met as part of the definition of the extension.","There can be no stigma associated with the use of extensions by any application, project, or standard - regardless of the institution or jurisdiction that uses or defines the extensions.  The use of extensions is what allows the FHIR specification to retain a core level of simplicity for everyone.","","","","","","","","",,,,,"","value:url}
","Extensions are always sliced by (at least) url",,"open","Element.extension",0,*,"ele-1
","ele-1:All FHIR elements must have a @value or children {hasValue() or (children().count() > id.count())}
ext-1:Must have either extensions or value[x], not both {extension.exists() != value.exists()}","n/a","N/A"
"ResearchStudy.identifier:idPrimary.use","ResearchStudy.identifier.use","","","",1,1,"","Y","Y","code {[]} {[]}
","usual | official | temp | secondary | old (If known)","The purpose of this identifier.","Applications can assume that an identifier is permanent unless it explicitly says that it is temporary.","Allows the appropriate identifier for a particular context of use to be selected from among a set of identifiers.","","","","<valueCode xmlns=""http://hl7.org/fhir"" value=""official""/>","","","",,"required","Identifies the purpose for this identifier, if known .","http://hl7.org/fhir/ValueSet/identifier-use|4.0.1","",,,,"Identifier.use",0,1,"ele-1
","ele-1:All FHIR elements must have a @value or children {hasValue() or (children().count() > id.count())}
","N/A","n/a","Role.code or implied by context"
"ResearchStudy.identifier:idPrimary.type","ResearchStudy.identifier.type","","","",0,1,"","","Y","CodeableConcept {[]} {[]}
","Description of identifier","A coded type for the identifier that can be used to determine which identifier to use for a specific purpose.","This element deals only with general categories of identifiers.  It SHOULD not be used for codes that correspond 1..1 with the Identifier.system. Some identifiers may fall into multiple categories due to common usage.   Where the system is known, a type is unnecessary because the type is always part of the system definition. However systems often need to handle identifiers where the system is not known. There is not a 1:1 relationship between type and system, since many different systems have the same type.","Allows users to make use of identifiers when the identifier system is not known.","","","","","","","",,"extensible","A coded type for an identifier that can be used to determine which identifier to use for a specific purpose.","http://hl7.org/fhir/ValueSet/identifier-type","",,,,"Identifier.type",0,1,"ele-1
","ele-1:All FHIR elements must have a @value or children {hasValue() or (children().count() > id.count())}
","CE/CNE/CWE","CX.5","n/a","CD","Role.code or implied by context"
"ResearchStudy.identifier:idPrimary.system","ResearchStudy.identifier.system","","","",0,1,"","","Y","uri {[]} {[]}
","The namespace for the identifier value","Establishes the namespace for the value - that is, a URL that describes a set values that are unique.","Identifier.system is always case sensitive.","There are many sets  of identifiers.  To perform matching of two identifiers, we need to know what set we're dealing with. The system identifies a particular set of unique identifiers.","","","","","<valueUri xmlns=""http://hl7.org/fhir"" value=""http://www.acme.com/identifiers/patient""/>","","",,,,,"",,,,"Identifier.system",0,1,"ele-1
","ele-1:All FHIR elements must have a @value or children {hasValue() or (children().count() > id.count())}
","CX.4 / EI-2-4","n/a","II.root or Role.id.root"
"ResearchStudy.identifier:idPrimary.value","ResearchStudy.identifier.value","","","",0,1,"","","Y","string {[]} {[]}
","The value that is unique","The portion of the identifier typically relevant to the user and which is unique within the context of the system.","If the value is a full URI, then the system SHALL be urn:ietf:rfc:3986.  The value's primary purpose is computational mapping.  As a result, it may be normalized for comparison purposes (e.g. removing non-significant whitespace, dashes, etc.)  A value formatted for human display can be conveyed using the [Rendered Value extension](http://hl7.org/fhir/R4/extension-rendered-value.html). Identifier.value is to be treated as case sensitive unless knowledge of the Identifier.system allows the processer to be confident that non-case-sensitive processing is safe.","","","","","","<valueString xmlns=""http://hl7.org/fhir"" value=""123456""/>","","",,,,,"",,,,"Identifier.value",0,1,"ele-1
","ele-1:All FHIR elements must have a @value or children {hasValue() or (children().count() > id.count())}
","CX.1 / EI.1","n/a","II.extension or II.root if system indicates OID or GUID (Or Role.id.extension or root)"
"ResearchStudy.identifier:idPrimary.period","ResearchStudy.identifier.period","","","",0,1,"","","Y","Period {[]} {[]}
","Time period when id is/was valid for use","Time period during which identifier is/was valid for use.","A Period specifies a range of time; the context of use will specify whether the entire range applies (e.g. ""the patient was an inpatient of the hospital for this time range"") or one value from the range applies (e.g. ""give to the patient between these two times"").

Period is not used for a duration (a measure of elapsed time). See [Duration](http://hl7.org/fhir/R4/datatypes.html#Duration).","","","","","","","","",,,,,"",,,,"Identifier.period",0,1,"ele-1
","ele-1:All FHIR elements must have a @value or children {hasValue() or (children().count() > id.count())}
per-1:If present, start SHALL have a lower value than end {start.hasValue().not() or end.hasValue().not() or (start <= end)}","DR","CX.7 + CX.8","n/a","IVL<TS>[lowClosed=""true"" and highClosed=""true""] or URG<TS>[lowClosed=""true"" and highClosed=""true""]","Role.effectiveTime or implied by context"
"ResearchStudy.identifier:idPrimary.period.id","ResearchStudy.identifier.period.id","","","",0,1,"","","","string {[]} {[]}
","Unique id for inter-element referencing","Unique id for the element within a resource (for internal references). This may be any string value that does not contain spaces.","","","","","","","","","",,,,,"",,,,"Element.id",0,1,"","","n/a"
"ResearchStudy.identifier:idPrimary.period.extension","ResearchStudy.identifier.period.extension","","extensions
user content","",0,*,"","","","Extension {[]} {[]}
","Additional content defined by implementations","May be used to represent additional information that is not part of the basic definition of the element. To make the use of extensions safe and manageable, there is a strict set of governance  applied to the definition and use of extensions. Though any implementer can define an extension, there is a set of requirements that SHALL be met as part of the definition of the extension.","There can be no stigma associated with the use of extensions by any application, project, or standard - regardless of the institution or jurisdiction that uses or defines the extensions.  The use of extensions is what allows the FHIR specification to retain a core level of simplicity for everyone.","","","","","","","","",,,,,"","value:url}
","Extensions are always sliced by (at least) url",,"open","Element.extension",0,*,"ele-1
","ele-1:All FHIR elements must have a @value or children {hasValue() or (children().count() > id.count())}
ext-1:Must have either extensions or value[x], not both {extension.exists() != value.exists()}","n/a","N/A"
"ResearchStudy.identifier:idPrimary.period.start","ResearchStudy.identifier.period.start","","","",0,1,"","","Y","dateTime {[]} {[]}
","Date d'inscription au registre principal / Date of Registration in Primary Registry","The start of the period. The boundary is inclusive.","If the low element is missing, the meaning is that the low boundary is not known.","","","","","","","","",,,,,"",,,,"Period.start",0,1,"ele-1
per-1","ele-1:All FHIR elements must have a @value or children {hasValue() or (children().count() > id.count())}
","DR.1","n/a","./low"
"ResearchStudy.identifier:idPrimary.period.end","ResearchStudy.identifier.period.end","","","",0,1,"","","Y","dateTime {[]} {[]}
","End time with inclusive boundary, if not ongoing","The end of the period. If the end of the period is missing, it means no end was known or planned at the time the instance was created. The start may be in the past, and the end date in the future, which means that period is expected/planned to end at that time.","The high value includes any matching date/time. i.e. 2012-02-03T10:00:00 is in a period that has an end value of 2012-02-03.","","","If the end of the period is missing, it means that the period is ongoing","","","","","",,,,,"",,,,"Period.end",0,1,"ele-1
per-1","ele-1:All FHIR elements must have a @value or children {hasValue() or (children().count() > id.count())}
","DR.2","n/a","./high"
"ResearchStudy.identifier:idPrimary.assigner","ResearchStudy.identifier.assigner","","","",0,1,"","","Y","Reference {[]} {[CanonicalType[http://hl7.org/fhir/StructureDefinition/Organization]]}
","Organization that issued id (may be just text)","Organization that issued/manages the identifier.","The Identifier.assigner may omit the .reference element and only contain a .display element reflecting the name or other textual information about the assigning organization.","","","","","","","","",,,,,"",,,,"Identifier.assigner",0,1,"ele-1
","ele-1:All FHIR elements must have a @value or children {hasValue() or (children().count() > id.count())}
ref-1:SHALL have a contained resource if a local reference is provided {reference.startsWith('#').not() or (reference.substring(1).trace('url') in %rootResource.contained.id.trace('ids'))}","CX.4 / (CX.4,CX.9,CX.10)","n/a","The target of a resource reference is a RIM entry point (Act, Role, or Entity)","II.assigningAuthorityName but note that this is an improper use by the definition of the field.  Also Role.scoper"
"ResearchStudy.identifier:idSecondary","ResearchStudy.identifier","idSecondary","","",0,*,"Y","","Y","Identifier {[]} {[]}
","identifiants secondaires / Secondary Identifying Numbers (e.g., protocol number) if available.  Also include other trial registries that have issued an identifying number to this trial. There is no limit on the number of Secondary identifying numbers that can be provided.","Identifiers assigned to this research study by the sponsor or other systems.","","Allows identification of the research study as it is known by various participating systems and in a way that remains consistent across servers.","","","","","","","",,,,,"",,,,"ResearchStudy.identifier",0,*,"ele-1
","ele-1:All FHIR elements must have a @value or children {hasValue() or (children().count() > id.count())}
","No BRIDG mapping (although there is  DocumentVersion.identifier > StudyProtocolDocumentVersion, this is arguably a different semantic)","CX / EI (occasionally, more often EI maps to a resource id or a URL)","n/a","II - The Identifier class is a little looser than the v3 type II because it allows URIs as well as registered OIDs or GUIDs.  Also maps to Role[classCode=IDENT]",".identifier","Organization's Unique Protocol ID; Secondary IDs","FiveWs.identifier"
"ResearchStudy.identifier:idSecondary.id","ResearchStudy.identifier.id","","","",0,1,"","","","string {[]} {[]}
","Unique id for inter-element referencing","Unique id for the element within a resource (for internal references). This may be any string value that does not contain spaces.","","","","","","","","","",,,,,"",,,,"Element.id",0,1,"","","n/a"
"ResearchStudy.identifier:idSecondary.extension","ResearchStudy.identifier.extension","","extensions
user content","",0,*,"","","","Extension {[]} {[]}
","Additional content defined by implementations","May be used to represent additional information that is not part of the basic definition of the element. To make the use of extensions safe and manageable, there is a strict set of governance  applied to the definition and use of extensions. Though any implementer can define an extension, there is a set of requirements that SHALL be met as part of the definition of the extension.","There can be no stigma associated with the use of extensions by any application, project, or standard - regardless of the institution or jurisdiction that uses or defines the extensions.  The use of extensions is what allows the FHIR specification to retain a core level of simplicity for everyone.","","","","","","","","",,,,,"","value:url}
","Extensions are always sliced by (at least) url",,"open","Element.extension",0,*,"ele-1
","ele-1:All FHIR elements must have a @value or children {hasValue() or (children().count() > id.count())}
ext-1:Must have either extensions or value[x], not both {extension.exists() != value.exists()}","n/a","N/A"
"ResearchStudy.identifier:idSecondary.use","ResearchStudy.identifier.use","","","",1,1,"","Y","Y","code {[]} {[]}
","usual | official | temp | secondary | old (If known)","The purpose of this identifier.","Applications can assume that an identifier is permanent unless it explicitly says that it is temporary.","Allows the appropriate identifier for a particular context of use to be selected from among a set of identifiers.","","","","<valueCode xmlns=""http://hl7.org/fhir"" value=""secondary""/>","","","",,"required","Identifies the purpose for this identifier, if known .","http://hl7.org/fhir/ValueSet/identifier-use|4.0.1","",,,,"Identifier.use",0,1,"ele-1
","ele-1:All FHIR elements must have a @value or children {hasValue() or (children().count() > id.count())}
","N/A","n/a","Role.code or implied by context"
"ResearchStudy.identifier:idSecondary.type","ResearchStudy.identifier.type","","","",0,1,"","","Y","CodeableConcept {[]} {[]}
","Description of identifier","A coded type for the identifier that can be used to determine which identifier to use for a specific purpose.","This element deals only with general categories of identifiers.  It SHOULD not be used for codes that correspond 1..1 with the Identifier.system. Some identifiers may fall into multiple categories due to common usage.   Where the system is known, a type is unnecessary because the type is always part of the system definition. However systems often need to handle identifiers where the system is not known. There is not a 1:1 relationship between type and system, since many different systems have the same type.","Allows users to make use of identifiers when the identifier system is not known.","","","","","","","",,"extensible","A coded type for an identifier that can be used to determine which identifier to use for a specific purpose.","http://hl7.org/fhir/ValueSet/identifier-type","",,,,"Identifier.type",0,1,"ele-1
","ele-1:All FHIR elements must have a @value or children {hasValue() or (children().count() > id.count())}
","CE/CNE/CWE","CX.5","n/a","CD","Role.code or implied by context"
"ResearchStudy.identifier:idSecondary.system","ResearchStudy.identifier.system","","","",0,1,"","","Y","uri {[]} {[]}
","The namespace for the identifier value","Establishes the namespace for the value - that is, a URL that describes a set values that are unique.","Identifier.system is always case sensitive.","There are many sets  of identifiers.  To perform matching of two identifiers, we need to know what set we're dealing with. The system identifies a particular set of unique identifiers.","","","","","<valueUri xmlns=""http://hl7.org/fhir"" value=""http://www.acme.com/identifiers/patient""/>","","",,,,,"",,,,"Identifier.system",0,1,"ele-1
","ele-1:All FHIR elements must have a @value or children {hasValue() or (children().count() > id.count())}
","CX.4 / EI-2-4","n/a","II.root or Role.id.root"
"ResearchStudy.identifier:idSecondary.value","ResearchStudy.identifier.value","","","",0,1,"","","Y","string {[]} {[]}
","The value that is unique","The portion of the identifier typically relevant to the user and which is unique within the context of the system.","If the value is a full URI, then the system SHALL be urn:ietf:rfc:3986.  The value's primary purpose is computational mapping.  As a result, it may be normalized for comparison purposes (e.g. removing non-significant whitespace, dashes, etc.)  A value formatted for human display can be conveyed using the [Rendered Value extension](http://hl7.org/fhir/R4/extension-rendered-value.html). Identifier.value is to be treated as case sensitive unless knowledge of the Identifier.system allows the processer to be confident that non-case-sensitive processing is safe.","","","","","","<valueString xmlns=""http://hl7.org/fhir"" value=""123456""/>","","",,,,,"",,,,"Identifier.value",0,1,"ele-1
","ele-1:All FHIR elements must have a @value or children {hasValue() or (children().count() > id.count())}
","CX.1 / EI.1","n/a","II.extension or II.root if system indicates OID or GUID (Or Role.id.extension or root)"
"ResearchStudy.identifier:idSecondary.period","ResearchStudy.identifier.period","","","",0,1,"","","Y","Period {[]} {[]}
","Time period when id is/was valid for use","Time period during which identifier is/was valid for use.","A Period specifies a range of time; the context of use will specify whether the entire range applies (e.g. ""the patient was an inpatient of the hospital for this time range"") or one value from the range applies (e.g. ""give to the patient between these two times"").

Period is not used for a duration (a measure of elapsed time). See [Duration](http://hl7.org/fhir/R4/datatypes.html#Duration).","","","","","","","","",,,,,"",,,,"Identifier.period",0,1,"ele-1
","ele-1:All FHIR elements must have a @value or children {hasValue() or (children().count() > id.count())}
per-1:If present, start SHALL have a lower value than end {start.hasValue().not() or end.hasValue().not() or (start <= end)}","DR","CX.7 + CX.8","n/a","IVL<TS>[lowClosed=""true"" and highClosed=""true""] or URG<TS>[lowClosed=""true"" and highClosed=""true""]","Role.effectiveTime or implied by context"
"ResearchStudy.identifier:idSecondary.assigner","ResearchStudy.identifier.assigner","","","",0,1,"","","Y","Reference {[]} {[CanonicalType[http://hl7.org/fhir/StructureDefinition/Organization]]}
","Organization that issued id (may be just text)","Organization that issued/manages the identifier.","The Identifier.assigner may omit the .reference element and only contain a .display element reflecting the name or other textual information about the assigning organization.","","","","","","","","",,,,,"",,,,"Identifier.assigner",0,1,"ele-1
","ele-1:All FHIR elements must have a @value or children {hasValue() or (children().count() > id.count())}
ref-1:SHALL have a contained resource if a local reference is provided {reference.startsWith('#').not() or (reference.substring(1).trace('url') in %rootResource.contained.id.trace('ids'))}","CX.4 / (CX.4,CX.9,CX.10)","n/a","The target of a resource reference is a RIM entry point (Act, Role, or Entity)","II.assigningAuthorityName but note that this is an improper use by the definition of the field.  Also Role.scoper"
"ResearchStudy.title","ResearchStudy.title","","","",0,1,"Y","","Y","string {[]} {[]}
","Nom scientifique de l'étude / Scientific Title","A short, descriptive user-friendly label for the study.","Note that FHIR strings SHALL NOT exceed 1MB in size","","","","","","","","",,,,,"",,,,"ResearchStudy.title",0,1,"ele-1
","ele-1:All FHIR elements must have a @value or children {hasValue() or (children().count() > id.count())}
","No BRIDG mapping (although there is  StudyProtocolDocumentVersionPublicTitle this is arguably a different semantic: title of a document vs title of a research study)","n/a","Brief Title"
"ResearchStudy.protocol","ResearchStudy.protocol","","","",0,*,"","","Y","Reference {[]} {[CanonicalType[http://hl7.org/fhir/StructureDefinition/PlanDefinition]]}
","Steps followed in executing study","The set of steps expected to be performed as part of the execution of the study.","References SHALL be a reference to an actual FHIR resource, and SHALL be resolveable (allowing for access control, temporary unavailability, etc.). Resolution can be either by retrieval from the URL, or, where applicable by resource type, by treating an absolute reference as a canonical URL and looking it up in a local registry/repository.","","","","","","","","",,,,,"",,,,"ResearchStudy.protocol",0,*,"ele-1
","ele-1:All FHIR elements must have a @value or children {hasValue() or (children().count() > id.count())}
ref-1:SHALL have a contained resource if a local reference is provided {reference.startsWith('#').not() or (reference.substring(1).trace('url') in %rootResource.contained.id.trace('ids'))}","StudyProtocolDocumentVersionPublicTitle.name","n/a","The target of a resource reference is a RIM entry point (Act, Role, or Entity)",".outboundRelationship[typeCode=DEFN].target","Interventions; Arm/Intervention Cross-Reference"
"ResearchStudy.partOf","ResearchStudy.partOf","","container
","",0,*,"","","Y","Reference {[]} {[CanonicalType[http://hl7.org/fhir/StructureDefinition/ResearchStudy]]}
","Part of larger study","A larger research study of which this particular study is a component or step.","References SHALL be a reference to an actual FHIR resource, and SHALL be resolveable (allowing for access control, temporary unavailability, etc.). Resolution can be either by retrieval from the URL, or, where applicable by resource type, by treating an absolute reference as a canonical URL and looking it up in a local registry/repository.","Allows breaking a study into components (e.g. by study site) each with their own PI, status, enrollment, etc.","","","","","","","",,,,,"",,,,"ResearchStudy.partOf",0,*,"ele-1
","ele-1:All FHIR elements must have a @value or children {hasValue() or (children().count() > id.count())}
ref-1:SHALL have a contained resource if a local reference is provided {reference.startsWith('#').not() or (reference.substring(1).trace('url') in %rootResource.contained.id.trace('ids'))}","CompanionStudyRelationship","n/a","The target of a resource reference is a RIM entry point (Act, Role, or Entity)",".inboundRelationship[typeCode=COMP].source[moodCode=EVN]"
"ResearchStudy.status","ResearchStudy.status","","","",1,1,"Y","Y","Y","code {[]} {[]}
","Statut de l'essai / Study Status","The current state of the study.","Note that FHIR strings SHALL NOT exceed 1MB in size","","","","","","","","",,"required","Codes that convey the current status of the research study.","http://hl7.org/fhir/ValueSet/research-study-status|4.0.1","",,,,"ResearchStudy.status",1,1,"ele-1
","ele-1:All FHIR elements must have a @value or children {hasValue() or (children().count() > id.count())}
","StudyOverallStatus.code","n/a",".status","FiveWs.status"
"ResearchStudy.primaryPurposeType","ResearchStudy.primaryPurposeType","","","",0,1,"","","Y","CodeableConcept {[]} {[]}
","treatment | prevention | diagnostic | supportive-care | screening | health-services-research | basic-science | device-feasibility","The type of study based upon the intent of the study's activities. A classification of the intent of the study.","Not all terminology uses fit this general pattern. In some cases, models should not use CodeableConcept and use Coding directly and provide their own structure for managing text, codings, translations and the relationship between elements and pre- and post-coordination.","","","","","","","","",,"extensible","Codes for the main intent of the study.","http://hl7.org/fhir/ValueSet/research-study-prim-purp-type","",,,,"ResearchStudy.primaryPurposeType",0,1,"ele-1
","ele-1:All FHIR elements must have a @value or children {hasValue() or (children().count() > id.count())}
","StudyProtocolVersion.primaryPurposeTypeCode","CE/CNE/CWE","n/a","CD"
"ResearchStudy.phase","ResearchStudy.phase","","","",0,1,"Y","","Y","CodeableConcept {[]} {[]}
","Phase de l'essai / Study type : phase","The stage in the progression of a therapy from initial experimental use in humans in clinical trials to post-market evaluation.","Not all terminology uses fit this general pattern. In some cases, models should not use CodeableConcept and use Coding directly and provide their own structure for managing text, codings, translations and the relationship between elements and pre- and post-coordination.","","","","","","","","",,"extensible","","https://interop.esante.gouv.fr/ig/fhir/eclaire/ValueSet/eclaire-study-phase-vs","",,,,"ResearchStudy.phase",0,1,"ele-1
","ele-1:All FHIR elements must have a @value or children {hasValue() or (children().count() > id.count())}
","StudyProtocolVersion.phaseCode","CE/CNE/CWE","n/a","CD","Study Phase"
"ResearchStudy.category","ResearchStudy.category","","","",0,*,"Y","","Y","CodeableConcept {[]} {[]}
","Type d'essai  / Study type : type of study","Codes categorizing the type of study such as investigational vs. observational, type of blinding, type of randomization, safety vs. efficacy, etc.","Not all terminology uses fit this general pattern. In some cases, models should not use CodeableConcept and use Coding directly and provide their own structure for managing text, codings, translations and the relationship between elements and pre- and post-coordination.","","","","","","","","",,"extensible","","https://interop.esante.gouv.fr/ig/fhir/eclaire/ValueSet/eclaire-category-vs","",,,,"ResearchStudy.category",0,*,"ele-1
","ele-1:All FHIR elements must have a @value or children {hasValue() or (children().count() > id.count())}
","InterventionalStudyProtocolVersion; InterventionalStudyProtocol.allocationCode; InterventionalStudyProtocol.blindedRoleCode; InterventionalStudyProtocol.blindingSchemaCode; InterventionalStudyProtocol.controlTypeCode","CE/CNE/CWE","n/a","CD","Study Type; Primary Purpose; Interventional Model; Masking; Allocation; study Classification; Observational Study Model; Time Perspective; Biospecimen Retention"
"ResearchStudy.focus","ResearchStudy.focus","","","",0,*,"","","Y","CodeableConcept {[]} {[]}
","Drugs, devices, etc. under study","The medication(s), food(s), therapy(ies), device(s) or other concerns or interventions that the study is seeking to gain more information about.","Not all terminology uses fit this general pattern. In some cases, models should not use CodeableConcept and use Coding directly and provide their own structure for managing text, codings, translations and the relationship between elements and pre- and post-coordination.","","","","","","","","",,"example","Codes for medications, devices and other interventions.","","",,,,"ResearchStudy.focus",0,*,"ele-1
","ele-1:All FHIR elements must have a @value or children {hasValue() or (children().count() > id.count())}
","InterventionalStudyProtocol.interventionTypeCode","CE/CNE/CWE","n/a","CD","Focus of Study","FiveWs.what[x]"
"ResearchStudy.condition","ResearchStudy.condition","","","",0,*,"Y","","Y","CodeableConcept {[]} {[]}
","Sujet concerné /  Problem(s) Studied exemple code MedDRA","The condition that is the focus of the study.  For example, In a study to examine risk factors for Lupus, might have as an inclusion criterion ""healthy volunteer"", but the target condition code would be a Lupus SNOMED code.","Not all terminology uses fit this general pattern. In some cases, models should not use CodeableConcept and use Coding directly and provide their own structure for managing text, codings, translations and the relationship between elements and pre- and post-coordination.","","","","","","","","",,"example","Identification of the condition or diagnosis.","http://hl7.org/fhir/ValueSet/condition-code","","","Slicing pour apporter des précisions sur le sujet / Health Condition(s) or Problem(s) Studied. Dans le CTIS, il y a un champ texte ouvert (obligatoire) pour indiquer la pathologie et éventuellement des précisons. Un code MedDRA peut-être ajouté mais il est optionnel.
Ainsi la slice medDRACondition contient un code meddra, la slice diseaseCondition contient un texte libre.",,"open","ResearchStudy.condition",0,*,"ele-1
","ele-1:All FHIR elements must have a @value or children {hasValue() or (children().count() > id.count())}
","StudyCondition.code","CE/CNE/CWE","n/a","CD","Conditions","FiveWs.what[x]"
"ResearchStudy.condition:medDRACondition","ResearchStudy.condition","medDRACondition","","",0,*,"Y","","Y","CodeableConcept {[]} {[]}
","code MedDRA / MedDRA condition","The condition that is the focus of the study.  For example, In a study to examine risk factors for Lupus, might have as an inclusion criterion ""healthy volunteer"", but the target condition code would be a Lupus SNOMED code.","Not all terminology uses fit this general pattern. In some cases, models should not use CodeableConcept and use Coding directly and provide their own structure for managing text, codings, translations and the relationship between elements and pre- and post-coordination.","","","","","","","","",,"example","Identification of the condition or diagnosis.","http://hl7.org/fhir/ValueSet/condition-code","",,,,"ResearchStudy.condition",0,*,"ele-1
","ele-1:All FHIR elements must have a @value or children {hasValue() or (children().count() > id.count())}
","StudyCondition.code","CE/CNE/CWE","n/a","CD","Conditions","FiveWs.what[x]"
"ResearchStudy.condition:medDRACondition.id","ResearchStudy.condition.id","","","",0,1,"","","","string {[]} {[]}
","Unique id for inter-element referencing","Unique id for the element within a resource (for internal references). This may be any string value that does not contain spaces.","","","","","","<valueString xmlns=""http://hl7.org/fhir"" value=""meddra-condition""/>","","","",,,,,"",,,,"Element.id",0,1,"","","n/a"
"ResearchStudy.condition:medDRACondition.extension","ResearchStudy.condition.extension","","extensions
user content","",0,*,"","","","Extension {[]} {[]}
","Additional content defined by implementations","May be used to represent additional information that is not part of the basic definition of the element. To make the use of extensions safe and manageable, there is a strict set of governance  applied to the definition and use of extensions. Though any implementer can define an extension, there is a set of requirements that SHALL be met as part of the definition of the extension.","There can be no stigma associated with the use of extensions by any application, project, or standard - regardless of the institution or jurisdiction that uses or defines the extensions.  The use of extensions is what allows the FHIR specification to retain a core level of simplicity for everyone.","","","","","","","","",,,,,"","value:url}
","Extensions are always sliced by (at least) url",,"open","Element.extension",0,*,"ele-1
","ele-1:All FHIR elements must have a @value or children {hasValue() or (children().count() > id.count())}
ext-1:Must have either extensions or value[x], not both {extension.exists() != value.exists()}","n/a","N/A"
"ResearchStudy.condition:medDRACondition.coding","ResearchStudy.condition.coding","","","",0,*,"","","Y","Coding {[]} {[]}
","Code defined by a terminology system","A reference to a code defined by a terminology system.","Codes may be defined very casually in enumerations, or code lists, up to very formal definitions such as SNOMED CT - see the HL7 v3 Core Principles for more information.  Ordering of codings is undefined and SHALL NOT be used to infer meaning. Generally, at most only one of the coding values will be labeled as UserSelected = true.","Allows for alternative encodings within a code system, and translations to other code systems.","","","","","","","",,,,,"",,,,"CodeableConcept.coding",0,*,"ele-1
","ele-1:All FHIR elements must have a @value or children {hasValue() or (children().count() > id.count())}
","CE/CNE/CWE subset one of the sets of component 1-3 or 4-6","C*E.1-8, C*E.10-22","n/a","CV","union(., ./translation)"
"ResearchStudy.condition:medDRACondition.coding.id","ResearchStudy.condition.coding.id","","","",0,1,"","","","string {[]} {[]}
","Unique id for inter-element referencing","Unique id for the element within a resource (for internal references). This may be any string value that does not contain spaces.","","","","","","","","","",,,,,"",,,,"Element.id",0,1,"","","n/a"
"ResearchStudy.condition:medDRACondition.coding.extension","ResearchStudy.condition.coding.extension","","extensions
user content","",0,*,"","","","Extension {[]} {[]}
","Additional content defined by implementations","May be used to represent additional information that is not part of the basic definition of the element. To make the use of extensions safe and manageable, there is a strict set of governance  applied to the definition and use of extensions. Though any implementer can define an extension, there is a set of requirements that SHALL be met as part of the definition of the extension.","There can be no stigma associated with the use of extensions by any application, project, or standard - regardless of the institution or jurisdiction that uses or defines the extensions.  The use of extensions is what allows the FHIR specification to retain a core level of simplicity for everyone.","","","","","","","","",,,,,"","value:url}
","Extensions are always sliced by (at least) url",,"open","Element.extension",0,*,"ele-1
","ele-1:All FHIR elements must have a @value or children {hasValue() or (children().count() > id.count())}
ext-1:Must have either extensions or value[x], not both {extension.exists() != value.exists()}","n/a","N/A"
"ResearchStudy.condition:medDRACondition.coding.system","ResearchStudy.condition.coding.system","","","",0,1,"","","Y","uri {[]} {[]}
","Identity of the terminology system","The identification of the code system that defines the meaning of the symbol in the code.","The URI may be an OID (urn:oid:...) or a UUID (urn:uuid:...).  OIDs and UUIDs SHALL be references to the HL7 OID registry. Otherwise, the URI should come from HL7's list of FHIR defined special URIs or it should reference to some definition that establishes the system clearly and unambiguously.","Need to be unambiguous about the source of the definition of the symbol.","","","","<valueUri xmlns=""http://hl7.org/fhir"" value=""http://terminology.hl7.org/CodeSystem/mdr""/>","","","",,,,,"",,,,"Coding.system",0,1,"ele-1
","ele-1:All FHIR elements must have a @value or children {hasValue() or (children().count() > id.count())}
","C*E.3","n/a","./codeSystem"
"ResearchStudy.condition:medDRACondition.coding.version","ResearchStudy.condition.coding.version","","","",0,1,"","","Y","string {[]} {[]}
","Version of the system - if relevant","The version of the code system which was used when choosing this code. Note that a well-maintained code system does not need the version reported, because the meaning of codes is consistent across versions. However this cannot consistently be assured, and when the meaning is not guaranteed to be consistent, the version SHOULD be exchanged.","Where the terminology does not clearly define what string should be used to identify code system versions, the recommendation is to use the date (expressed in FHIR date format) on which that version was officially published as the version date.","","","","","","","","",,,,,"",,,,"Coding.version",0,1,"ele-1
","ele-1:All FHIR elements must have a @value or children {hasValue() or (children().count() > id.count())}
","C*E.7","n/a","./codeSystemVersion"
"ResearchStudy.condition:medDRACondition.coding.code","ResearchStudy.condition.coding.code","","","",0,1,"","","Y","code {[]} {[]}
","Symbol in syntax defined by the system","A symbol in syntax defined by the system. The symbol may be a predefined code or an expression in a syntax defined by the coding system (e.g. post-coordination).","Note that FHIR strings SHALL NOT exceed 1MB in size","Need to refer to a particular code in the system.","","","","","","","",,,,,"",,,,"Coding.code",0,1,"ele-1
","ele-1:All FHIR elements must have a @value or children {hasValue() or (children().count() > id.count())}
","C*E.1","n/a","./code"
"ResearchStudy.condition:medDRACondition.coding.display","ResearchStudy.condition.coding.display","","","",0,1,"","","Y","string {[]} {[]}
","Representation defined by the system","A representation of the meaning of the code in the system, following the rules of the system.","Note that FHIR strings SHALL NOT exceed 1MB in size","Need to be able to carry a human-readable meaning of the code for readers that do not know  the system.","","","","","","","",,,,,"",,,,"Coding.display",0,1,"ele-1
","ele-1:All FHIR elements must have a @value or children {hasValue() or (children().count() > id.count())}
","C*E.2 - but note this is not well followed","n/a","CV.displayName"
"ResearchStudy.condition:medDRACondition.coding.userSelected","ResearchStudy.condition.coding.userSelected","","","",0,1,"","","Y","boolean {[]} {[]}
","If this coding was chosen directly by the user","Indicates that this coding was chosen by a user directly - e.g. off a pick list of available items (codes or displays).","Amongst a set of alternatives, a directly chosen code is the most appropriate starting point for new translations. There is some ambiguity about what exactly 'directly chosen' implies, and trading partner agreement may be needed to clarify the use of this element and its consequences more completely.","This has been identified as a clinical safety criterium - that this exact system/code pair was chosen explicitly, rather than inferred by the system based on some rules or language processing.","","","","","","","",,,,,"",,,,"Coding.userSelected",0,1,"ele-1
","ele-1:All FHIR elements must have a @value or children {hasValue() or (children().count() > id.count())}
","Sometimes implied by being first","n/a","CD.codingRationale"
"ResearchStudy.condition:medDRACondition.text","ResearchStudy.condition.text","","","",0,1,"","","Y","string {[]} {[]}
","Plain text representation of the concept","A human language representation of the concept as seen/selected/uttered by the user who entered the data and/or which represents the intended meaning of the user.","Very often the text is the same as a displayName of one of the codings.","The codes from the terminologies do not always capture the correct meaning with all the nuances of the human using them, or sometimes there is no appropriate code at all. In these cases, the text is used to capture the full meaning of the source.","","","","","","","",,,,,"",,,,"CodeableConcept.text",0,1,"ele-1
","ele-1:All FHIR elements must have a @value or children {hasValue() or (children().count() > id.count())}
","C*E.9. But note many systems use C*E.2 for this","n/a","./originalText[mediaType/code=""text/plain""]/data"
"ResearchStudy.condition:diseaseCondition","ResearchStudy.condition","diseaseCondition","","",0,*,"Y","","Y","CodeableConcept {[]} {[]}
","condition de la pathologie / Disease Condition","The condition that is the focus of the study.  For example, In a study to examine risk factors for Lupus, might have as an inclusion criterion ""healthy volunteer"", but the target condition code would be a Lupus SNOMED code.","Not all terminology uses fit this general pattern. In some cases, models should not use CodeableConcept and use Coding directly and provide their own structure for managing text, codings, translations and the relationship between elements and pre- and post-coordination.","","","","","","","","",,"example","Identification of the condition or diagnosis.","http://hl7.org/fhir/ValueSet/condition-code","",,,,"ResearchStudy.condition",0,*,"ele-1
","ele-1:All FHIR elements must have a @value or children {hasValue() or (children().count() > id.count())}
","StudyCondition.code","CE/CNE/CWE","n/a","CD","Conditions","FiveWs.what[x]"
"ResearchStudy.condition:diseaseCondition.id","ResearchStudy.condition.id","","","",0,1,"","","","string {[]} {[]}
","Unique id for inter-element referencing","Unique id for the element within a resource (for internal references). This may be any string value that does not contain spaces.","","","","","","<valueString xmlns=""http://hl7.org/fhir"" value=""disease-condition""/>","","","",,,,,"",,,,"Element.id",0,1,"","","n/a"
"ResearchStudy.condition:diseaseCondition.extension","ResearchStudy.condition.extension","","extensions
user content","",0,*,"","","","Extension {[]} {[]}
","Additional content defined by implementations","May be used to represent additional information that is not part of the basic definition of the element. To make the use of extensions safe and manageable, there is a strict set of governance  applied to the definition and use of extensions. Though any implementer can define an extension, there is a set of requirements that SHALL be met as part of the definition of the extension.","There can be no stigma associated with the use of extensions by any application, project, or standard - regardless of the institution or jurisdiction that uses or defines the extensions.  The use of extensions is what allows the FHIR specification to retain a core level of simplicity for everyone.","","","","","","","","",,,,,"","value:url}
","Extensions are always sliced by (at least) url",,"open","Element.extension",0,*,"ele-1
","ele-1:All FHIR elements must have a @value or children {hasValue() or (children().count() > id.count())}
ext-1:Must have either extensions or value[x], not both {extension.exists() != value.exists()}","n/a","N/A"
"ResearchStudy.condition:diseaseCondition.coding","ResearchStudy.condition.coding","","","",0,*,"","","Y","Coding {[]} {[]}
","Code defined by a terminology system","A reference to a code defined by a terminology system.","Codes may be defined very casually in enumerations, or code lists, up to very formal definitions such as SNOMED CT - see the HL7 v3 Core Principles for more information.  Ordering of codings is undefined and SHALL NOT be used to infer meaning. Generally, at most only one of the coding values will be labeled as UserSelected = true.","Allows for alternative encodings within a code system, and translations to other code systems.","","","","","","","",,,,,"",,,,"CodeableConcept.coding",0,*,"ele-1
","ele-1:All FHIR elements must have a @value or children {hasValue() or (children().count() > id.count())}
","CE/CNE/CWE subset one of the sets of component 1-3 or 4-6","C*E.1-8, C*E.10-22","n/a","CV","union(., ./translation)"
"ResearchStudy.condition:diseaseCondition.text","ResearchStudy.condition.text","","","",1,1,"","","Y","string {[]} {[]}
","Plain text representation of the concept","A human language representation of the concept as seen/selected/uttered by the user who entered the data and/or which represents the intended meaning of the user.","Very often the text is the same as a displayName of one of the codings.","The codes from the terminologies do not always capture the correct meaning with all the nuances of the human using them, or sometimes there is no appropriate code at all. In these cases, the text is used to capture the full meaning of the source.","","","","","","","",,,,,"",,,,"CodeableConcept.text",0,1,"ele-1
","ele-1:All FHIR elements must have a @value or children {hasValue() or (children().count() > id.count())}
","C*E.9. But note many systems use C*E.2 for this","n/a","./originalText[mediaType/code=""text/plain""]/data"
"ResearchStudy.contact","ResearchStudy.contact","","","",0,*,"Y","","Y","ContactDetail {[]} {[]}
","Contact (Contact for public / scientific queries)","Contact details to assist a user in learning more about or engaging with the study.","","","","","","","","","",,,,,"",,,,"ResearchStudy.contact",0,*,"ele-1
","ele-1:All FHIR elements must have a @value or children {hasValue() or (children().count() > id.count())}
","PointOfContact > Project > Research Project > Study > StudyProtocol > StudyProtocolVersion","n/a","Central Contact; Central Contact Backup; Overall Study Officials; Facility Contact & Backup (if Study tied to only one location); Investigators"
"ResearchStudy.contact.id","ResearchStudy.contact.id","","","",0,1,"","","","string {[]} {[]}
","Unique id for inter-element referencing","Unique id for the element within a resource (for internal references). This may be any string value that does not contain spaces.","","","","","","","","","",,,,,"",,,,"Element.id",0,1,"","","n/a"
"ResearchStudy.contact.extension","ResearchStudy.contact.extension","","extensions
user content","",0,*,"","","","Extension {[]} {[]}
","Additional content defined by implementations","May be used to represent additional information that is not part of the basic definition of the element. To make the use of extensions safe and manageable, there is a strict set of governance  applied to the definition and use of extensions. Though any implementer can define an extension, there is a set of requirements that SHALL be met as part of the definition of the extension.","There can be no stigma associated with the use of extensions by any application, project, or standard - regardless of the institution or jurisdiction that uses or defines the extensions.  The use of extensions is what allows the FHIR specification to retain a core level of simplicity for everyone.","","","","","","","","",,,,,"","value:url}
","Extensions are always sliced by (at least) url",,"open","Element.extension",0,*,"ele-1
","ele-1:All FHIR elements must have a @value or children {hasValue() or (children().count() > id.count())}
ext-1:Must have either extensions or value[x], not both {extension.exists() != value.exists()}","n/a","N/A"
"ResearchStudy.contact.extension:eclaire-contact-type","ResearchStudy.contact.extension","eclaire-contact-type","","",0,1,"Y","","","Extension {[CanonicalType[https://interop.esante.gouv.fr/ig/fhir/eclaire/StructureDefinition/eclaire-contact-type]]} {[]}
","Type de contact : Public ou Scientific","Extension créée dans le cadre du projet ECLAIRE qui indique le type de Contact : Public ou Scientific","","","","","","","","","",,,,,"",,,,"Element.extension",0,*,"ele-1
","ele-1:All FHIR elements must have a @value or children {hasValue() or (children().count() > id.count())}
ext-1:Must have either extensions or value[x], not both {extension.exists() != value.exists()}"
"ResearchStudy.contact.extension:eclaire-contact-address","ResearchStudy.contact.extension","eclaire-contact-address","","",0,1,"Y","","","Extension {[CanonicalType[https://interop.esante.gouv.fr/ig/fhir/eclaire/StructureDefinition/eclaire-contact-address]]} {[]}
","Adresse du contact","Extension créée dans le cadre du projet ECLAIRE pour indiquer l'adresse du contact","","","","","","","","","",,,,,"",,,,"Element.extension",0,*,"ele-1
","ele-1:All FHIR elements must have a @value or children {hasValue() or (children().count() > id.count())}
ext-1:Must have either extensions or value[x], not both {extension.exists() != value.exists()}"
"ResearchStudy.contact.extension:eclaire-contact-affiliation","ResearchStudy.contact.extension","eclaire-contact-affiliation","","",0,1,"Y","","","Extension {[CanonicalType[https://interop.esante.gouv.fr/ig/fhir/eclaire/StructureDefinition/eclaire-contact-affiliation]]} {[]}
","Affiliation du contact","Extension créée dans le cadre du projet ECLAIRE pour indiquer l'affiliation du contact","","","","","","","","","",,,,,"",,,,"Element.extension",0,*,"ele-1
","ele-1:All FHIR elements must have a @value or children {hasValue() or (children().count() > id.count())}
ext-1:Must have either extensions or value[x], not both {extension.exists() != value.exists()}"
"ResearchStudy.contact.extension:eclaire-contact-name","ResearchStudy.contact.extension","eclaire-contact-name","","",0,1,"","","","Extension {[CanonicalType[https://interop.esante.gouv.fr/ig/fhir/eclaire/StructureDefinition/eclaire-contact-name]]} {[]}
","Nom du contact","Extension créée dans le cadre du projet ECLAIRE pour indiquer le nom de contact","","","","","","","","","",,,,,"",,,,"Element.extension",0,*,"ele-1
","ele-1:All FHIR elements must have a @value or children {hasValue() or (children().count() > id.count())}
ext-1:Must have either extensions or value[x], not both {extension.exists() != value.exists()}"
"ResearchStudy.contact.name","ResearchStudy.contact.name","","","",0,1,"","","Y","string {[]} {[]}
","Name of an individual to contact","The name of an individual to contact.","If there is no named individual, the telecom information is for the organization as a whole.","","","","","","","","",,,,,"",,,,"ContactDetail.name",0,1,"ele-1
","ele-1:All FHIR elements must have a @value or children {hasValue() or (children().count() > id.count())}
","n/a"
"ResearchStudy.contact.telecom","ResearchStudy.contact.telecom","","","",0,*,"","","Y","ContactPoint {[]} {[]}
","Contact details for individual or organization","The contact details for the individual (if a name was provided) or the organization.","","","","","","","","","",,,,,"",,,,"ContactDetail.telecom",0,*,"ele-1
","ele-1:All FHIR elements must have a @value or children {hasValue() or (children().count() > id.count())}
cpt-2:A system is required if a value is provided. {value.empty() or system.exists()}","XTN","n/a","TEL"
"ResearchStudy.relatedArtifact","ResearchStudy.relatedArtifact","","","",0,*,"Y","","","RelatedArtifact {[]} {[]}
","Publications et résumé des résultats / Publications about the study and Summary results","Citations, references and other related documents.","Each related artifact is either an attachment, or a reference to another knowledge resource, but not both.","","","","","","","","",,,,,"",,,,"ResearchStudy.relatedArtifact",0,*,"ele-1
","ele-1:All FHIR elements must have a @value or children {hasValue() or (children().count() > id.count())}
","StudyProtocolDocument, StudyProtocolDocumentVersion","n/a","Citations, Links, Available Study Data/Documents"
"ResearchStudy.keyword","ResearchStudy.keyword","","","",0,*,"","","Y","CodeableConcept {[]} {[]}
","Used to search for the study","Key terms to aid in searching for or filtering the study.","Not all terminology uses fit this general pattern. In some cases, models should not use CodeableConcept and use Coding directly and provide their own structure for managing text, codings, translations and the relationship between elements and pre- and post-coordination.","","","","","","","","",,"example","Words associated with the study that may be useful in discovery.","","",,,,"ResearchStudy.keyword",0,*,"ele-1
","ele-1:All FHIR elements must have a @value or children {hasValue() or (children().count() > id.count())}
","DocumentVersion.keywordCode; DocumentVersion.keywordText","CE/CNE/CWE","n/a","CD","Keywords"
"ResearchStudy.location","ResearchStudy.location","","","",0,*,"Y","","Y","CodeableConcept {[]} {[]}
","Pays de recrutement / Countries of Recruitment","Indicates a country, state or other region where the study is taking place.","Not all terminology uses fit this general pattern. In some cases, models should not use CodeableConcept and use Coding directly and provide their own structure for managing text, codings, translations and the relationship between elements and pre- and post-coordination.","","","","","","","","",,"extensible","Countries and regions within which this artifact is targeted for use.","http://hl7.org/fhir/ValueSet/jurisdiction","",,,,"ResearchStudy.location",0,*,"ele-1
","ele-1:All FHIR elements must have a @value or children {hasValue() or (children().count() > id.count())}
","StudyProtocolVersion.participatingLocationCode","CE/CNE/CWE","n/a","CD"
"ResearchStudy.description","ResearchStudy.description","","","",0,1,"Y","","","markdown {[]} {[]}
","Résumé de l'essai / Summary Results","A full description of how the study is being conducted.","Systems are not required to have markdown support, so the text should be readable without markdown processing. The markdown syntax is GFM - see https://github.github.com/gfm/","","","","","","","","",,,,,"",,,,"ResearchStudy.description",0,1,"ele-1
","ele-1:All FHIR elements must have a @value or children {hasValue() or (children().count() > id.count())}
","StudyProtocolDocumentVersion.publicDescription","n/a","Detailed Description"
"ResearchStudy.enrollment","ResearchStudy.enrollment","","patient
","",0,*,"Y","","Y","Reference {[]} {[CanonicalType[https://interop.esante.gouv.fr/ig/fhir/eclaire/StructureDefinition/eclaire-group]]}
","Critères d'inclusion et d'exclusion / Inclusion & exclusion criteria","Reference to a Group that defines the criteria for and quantity of subjects participating in the study.  E.g. "" 200 female Europeans between the ages of 20 and 45 with early onset diabetes"".","The Group referenced should not generally enumerate specific subjects.  Subjects will be linked to the study using the ResearchSubject resource.","","","","","","","","",,,,,"",,,,"ResearchStudy.enrollment",0,*,"ele-1
","ele-1:All FHIR elements must have a @value or children {hasValue() or (children().count() > id.count())}
ref-1:SHALL have a contained resource if a local reference is provided {reference.startsWith('#').not() or (reference.substring(1).trace('url') in %rootResource.contained.id.trace('ids'))}","InterventionalStudyProtocol.interventionGroupQuantity","n/a","The target of a resource reference is a RIM entry point (Act, Role, or Entity)",".participation[typeCode=SBJ].role","Enrollment; Number of Groups/Cohorts (= number of ""enrollment"" instances); Groups (Group/Cohort Label = Group.name; Group/Cohort Description = Group.description); Eligibility (Group criteria)","FiveWs.subject[x]","FiveWs.subject"
"ResearchStudy.period","ResearchStudy.period","","timing
","",0,1,"","","Y","Period {[]} {[]}
","When the study began and ended","Identifies the start date and the expected (or actual, depending on status) end date for the study.","A Period specifies a range of time; the context of use will specify whether the entire range applies (e.g. ""the patient was an inpatient of the hospital for this time range"") or one value from the range applies (e.g. ""give to the patient between these two times"").

Period is not used for a duration (a measure of elapsed time). See [Duration](http://hl7.org/fhir/R4/datatypes.html#Duration).","","","","","","","","",,,,,"",,,,"ResearchStudy.period",0,1,"ele-1
","ele-1:All FHIR elements must have a @value or children {hasValue() or (children().count() > id.count())}
per-1:If present, start SHALL have a lower value than end {start.hasValue().not() or end.hasValue().not() or (start <= end)}","ProjectConduct.dateRange; StudyProtocolVersion.plannedDuration","DR","n/a","IVL<TS>[lowClosed=""true"" and highClosed=""true""] or URG<TS>[lowClosed=""true"" and highClosed=""true""]",".effectiveTime","Study Start Date (start); Study Completion Date (end)","FiveWs.done[x]"
"ResearchStudy.period.id","ResearchStudy.period.id","","","",0,1,"","","","string {[]} {[]}
","Unique id for inter-element referencing","Unique id for the element within a resource (for internal references). This may be any string value that does not contain spaces.","","","","","","","","","",,,,,"",,,,"Element.id",0,1,"","","n/a"
"ResearchStudy.period.extension","ResearchStudy.period.extension","","extensions
user content","",0,*,"","","","Extension {[]} {[]}
","Additional content defined by implementations","May be used to represent additional information that is not part of the basic definition of the element. To make the use of extensions safe and manageable, there is a strict set of governance  applied to the definition and use of extensions. Though any implementer can define an extension, there is a set of requirements that SHALL be met as part of the definition of the extension.","There can be no stigma associated with the use of extensions by any application, project, or standard - regardless of the institution or jurisdiction that uses or defines the extensions.  The use of extensions is what allows the FHIR specification to retain a core level of simplicity for everyone.","","","","","","","","",,,,,"","value:url}
","Extensions are always sliced by (at least) url",,"open","Element.extension",0,*,"ele-1
","ele-1:All FHIR elements must have a @value or children {hasValue() or (children().count() > id.count())}
ext-1:Must have either extensions or value[x], not both {extension.exists() != value.exists()}","n/a","N/A"
"ResearchStudy.period.start","ResearchStudy.period.start","","","",0,1,"","","Y","dateTime {[]} {[]}
","Starting time with inclusive boundary","The start of the period. The boundary is inclusive.","If the low element is missing, the meaning is that the low boundary is not known.","","","","","","","","",,,,,"",,,,"Period.start",0,1,"ele-1
per-1","ele-1:All FHIR elements must have a @value or children {hasValue() or (children().count() > id.count())}
","DR.1","n/a","./low"
"ResearchStudy.period.end","ResearchStudy.period.end","","","",0,1,"Y","","Y","dateTime {[]} {[]}
","Date à laquelle l'essai se termine (la date initiale est prévisionnelle) / Completion date","The end of the period. If the end of the period is missing, it means no end was known or planned at the time the instance was created. The start may be in the past, and the end date in the future, which means that period is expected/planned to end at that time.","The high value includes any matching date/time. i.e. 2012-02-03T10:00:00 is in a period that has an end value of 2012-02-03.","","","If the end of the period is missing, it means that the period is ongoing","","","","","",,,,,"",,,,"Period.end",0,1,"ele-1
per-1","ele-1:All FHIR elements must have a @value or children {hasValue() or (children().count() > id.count())}
","DR.2","n/a","./high"
"ResearchStudy.sponsor","ResearchStudy.sponsor","","","",0,1,"Y","","Y","Reference {[]} {[CanonicalType[http://hl7.org/fhir/StructureDefinition/Organization]]}
","Promoteur / primary Sponsor","An organization that initiates the investigation and is legally responsible for the study.","References SHALL be a reference to an actual FHIR resource, and SHALL be resolveable (allowing for access control, temporary unavailability, etc.). Resolution can be either by retrieval from the URL, or, where applicable by resource type, by treating an absolute reference as a canonical URL and looking it up in a local registry/repository.","","","","","","","","",,,,,"",,,,"ResearchStudy.sponsor",0,1,"ele-1
","ele-1:All FHIR elements must have a @value or children {hasValue() or (children().count() > id.count())}
ref-1:SHALL have a contained resource if a local reference is provided {reference.startsWith('#').not() or (reference.substring(1).trace('url') in %rootResource.contained.id.trace('ids'))}","RegulatoryApplicationSponsor; StudyLegalSponsor; StudyProtocolVersion.responsiblePartyCode","n/a","The target of a resource reference is a RIM entry point (Act, Role, or Entity)",".participation[typeCode=PRF].role[scoper.determinerCode=INSTANCE]","Sponsor","FiveWs.actor"
"ResearchStudy.principalInvestigator","ResearchStudy.principalInvestigator","","","",0,1,"","","Y","Reference {[]} {[CanonicalType[http://hl7.org/fhir/StructureDefinition/Practitioner], CanonicalType[http://hl7.org/fhir/StructureDefinition/PractitionerRole]]}
","Researcher who oversees multiple aspects of the study","A researcher in a study who oversees multiple aspects of the study, such as concept development, protocol writing, protocol submission for IRB approval, participant recruitment, informed consent, data collection, analysis, interpretation and presentation.","References SHALL be a reference to an actual FHIR resource, and SHALL be resolveable (allowing for access control, temporary unavailability, etc.). Resolution can be either by retrieval from the URL, or, where applicable by resource type, by treating an absolute reference as a canonical URL and looking it up in a local registry/repository.","","","","","","","","",,,,,"",,,,"ResearchStudy.principalInvestigator",0,1,"ele-1
","ele-1:All FHIR elements must have a @value or children {hasValue() or (children().count() > id.count())}
ref-1:SHALL have a contained resource if a local reference is provided {reference.startsWith('#').not() or (reference.substring(1).trace('url') in %rootResource.contained.id.trace('ids'))}","StudyInvestigator","n/a","The target of a resource reference is a RIM entry point (Act, Role, or Entity)","Principal Investigator","FiveWs.actor"
"ResearchStudy.site","ResearchStudy.site","","","",0,*,"Y","","Y","Reference {[]} {[CanonicalType[https://interop.esante.gouv.fr/ig/fhir/eclaire/StructureDefinition/eclaire-location]]}
","Lieux / Countries of Recruitment","A facility in which study activities are conducted.","References SHALL be a reference to an actual FHIR resource, and SHALL be resolveable (allowing for access control, temporary unavailability, etc.). Resolution can be either by retrieval from the URL, or, where applicable by resource type, by treating an absolute reference as a canonical URL and looking it up in a local registry/repository.","","","","","","","","",,,,,"",,,,"ResearchStudy.site",0,*,"ele-1
","ele-1:All FHIR elements must have a @value or children {hasValue() or (children().count() > id.count())}
ref-1:SHALL have a contained resource if a local reference is provided {reference.startsWith('#').not() or (reference.substring(1).trace('url') in %rootResource.contained.id.trace('ids'))}","PlannedStudySite; StudySite","n/a","The target of a resource reference is a RIM entry point (Act, Role, or Entity)","Facility","FiveWs.where[x]"
"ResearchStudy.reasonStopped","ResearchStudy.reasonStopped","","","",0,1,"","","Y","CodeableConcept {[]} {[]}
","accrual-goal-met | closed-due-to-toxicity | closed-due-to-lack-of-study-progress | temporarily-closed-per-study-design","A description and/or code explaining the premature termination of the study.","Not all terminology uses fit this general pattern. In some cases, models should not use CodeableConcept and use Coding directly and provide their own structure for managing text, codings, translations and the relationship between elements and pre- and post-coordination.","","","","","","","","",,"example","Codes for why the study ended prematurely.","http://hl7.org/fhir/ValueSet/research-study-reason-stopped","",,,,"ResearchStudy.reasonStopped",0,1,"ele-1
","ele-1:All FHIR elements must have a @value or children {hasValue() or (children().count() > id.count())}
","StudyOverallStatus.studyStoppedReasonCode","CE/CNE/CWE","n/a","CD","Why Study Stopped","FiveWs.why[x]"
"ResearchStudy.note","ResearchStudy.note","","","",0,*,"","","","Annotation {[]} {[]}
","Comments made about the study","Comments made about the study by the performer, subject or other participants.","For systems that do not have structured annotations, they can simply communicate a single annotation with no author or time.  This element may need to be included in narrative because of the potential for modifying information.  *Annotations SHOULD NOT* be used to communicate ""modifying"" information that could be computable. (This is a SHOULD because enforcing user behavior is nearly impossible).","","","","","","","","",,,,,"",,,,"ResearchStudy.note",0,*,"ele-1
","ele-1:All FHIR elements must have a @value or children {hasValue() or (children().count() > id.count())}
","No BRIDG mapping","N/A","n/a","Act",".inboundRelationship(typeCode=SUBJ].source[classCode=ANNGEN, moodCode=EVN].value[xsi:type=ST]"
"ResearchStudy.arm","ResearchStudy.arm","","","",0,*,"","","","BackboneElement {[]} {[]}
","Defined path through the study for a subject","Describes an expected sequence of events for one of the participants of a study.  E.g. Exposure to drug A, wash-out, exposure to drug B, wash-out, follow-up.","","","","","","","","","",,,,,"",,,,"ResearchStudy.arm",0,*,"ele-1
","ele-1:All FHIR elements must have a @value or children {hasValue() or (children().count() > id.count())}
","Arm","n/a","Arms"
"ResearchStudy.arm.id","ResearchStudy.arm.id","","","",0,1,"","","","string {[]} {[]}
","Unique id for inter-element referencing","Unique id for the element within a resource (for internal references). This may be any string value that does not contain spaces.","","","","","","","","","",,,,,"",,,,"Element.id",0,1,"","","n/a"
"ResearchStudy.arm.extension","ResearchStudy.arm.extension","","extensions
user content","",0,*,"","","","Extension {[]} {[]}
","Additional content defined by implementations","May be used to represent additional information that is not part of the basic definition of the element. To make the use of extensions safe and manageable, there is a strict set of governance  applied to the definition and use of extensions. Though any implementer can define an extension, there is a set of requirements that SHALL be met as part of the definition of the extension.","There can be no stigma associated with the use of extensions by any application, project, or standard - regardless of the institution or jurisdiction that uses or defines the extensions.  The use of extensions is what allows the FHIR specification to retain a core level of simplicity for everyone.","","","","","","","","",,,,,"","value:url}
","Extensions are always sliced by (at least) url",,"open","Element.extension",0,*,"ele-1
","ele-1:All FHIR elements must have a @value or children {hasValue() or (children().count() > id.count())}
ext-1:Must have either extensions or value[x], not both {extension.exists() != value.exists()}","n/a","N/A"
"ResearchStudy.arm.modifierExtension","ResearchStudy.arm.modifierExtension","","extensions
user contentmodifiers","",0,*,"","Y","Y","Extension {[]} {[]}
","Extensions that cannot be ignored even if unrecognized","May be used to represent additional information that is not part of the basic definition of the element and that modifies the understanding of the element in which it is contained and/or the understanding of the containing element's descendants. Usually modifier elements provide negation or qualification. To make the use of extensions safe and manageable, there is a strict set of governance applied to the definition and use of extensions. Though any implementer can define an extension, there is a set of requirements that SHALL be met as part of the definition of the extension. Applications processing a resource are required to check for modifier extensions.

Modifier extensions SHALL NOT change the meaning of any elements on Resource or DomainResource (including cannot change the meaning of modifierExtension itself).","There can be no stigma associated with the use of extensions by any application, project, or standard - regardless of the institution or jurisdiction that uses or defines the extensions.  The use of extensions is what allows the FHIR specification to retain a core level of simplicity for everyone.","Modifier extensions allow for extensions that *cannot* be safely ignored to be clearly distinguished from the vast majority of extensions which can be safely ignored.  This promotes interoperability by eliminating the need for implementers to prohibit the presence of extensions. For further information, see the [definition of modifier extensions](http://hl7.org/fhir/R4/extensibility.html#modifierExtension).","","","","","","","",,,,,"",,,,"BackboneElement.modifierExtension",0,*,"ele-1
","ele-1:All FHIR elements must have a @value or children {hasValue() or (children().count() > id.count())}
ext-1:Must have either extensions or value[x], not both {extension.exists() != value.exists()}","n/a","N/A"
"ResearchStudy.arm.name","ResearchStudy.arm.name","","","",1,1,"","","","string {[]} {[]}
","Label for study arm","Unique, human-readable label for this arm of the study.","Note that FHIR strings SHALL NOT exceed 1MB in size","","","","","","","","",,,,,"",,,,"ResearchStudy.arm.name",1,1,"ele-1
","ele-1:All FHIR elements must have a @value or children {hasValue() or (children().count() > id.count())}
","Arm.name","n/a","Arm Label"
"ResearchStudy.arm.type","ResearchStudy.arm.type","","","",0,1,"","","","CodeableConcept {[]} {[]}
","Categorization of study arm","Categorization of study arm, e.g. experimental, active comparator, placebo comparater.","Not all terminology uses fit this general pattern. In some cases, models should not use CodeableConcept and use Coding directly and provide their own structure for managing text, codings, translations and the relationship between elements and pre- and post-coordination.","","","","","","","","",,,,,"",,,,"ResearchStudy.arm.type",0,1,"ele-1
","ele-1:All FHIR elements must have a @value or children {hasValue() or (children().count() > id.count())}
","Arm.typeCode","CE/CNE/CWE","n/a","CD","Arm Type"
"ResearchStudy.arm.description","ResearchStudy.arm.description","","","",0,1,"","","","string {[]} {[]}
","Short explanation of study path","A succinct description of the path through the study that would be followed by a subject adhering to this arm.","Note that FHIR strings SHALL NOT exceed 1MB in size","","","","","","","","",,,,,"",,,,"ResearchStudy.arm.description",0,1,"ele-1
","ele-1:All FHIR elements must have a @value or children {hasValue() or (children().count() > id.count())}
","Arm.description","n/a","Arm Description"
"ResearchStudy.objective","ResearchStudy.objective","","","",0,*,"","","","BackboneElement {[]} {[]}
","A goal for the study","A goal that the study is aiming to achieve in terms of a scientific question to be answered by the analysis of data collected during the study.","","","","","","","","","",,,,,"",,,,"ResearchStudy.objective",0,*,"ele-1
","ele-1:All FHIR elements must have a @value or children {hasValue() or (children().count() > id.count())}
","StudyObjective","n/a"
"ResearchStudy.objective.id","ResearchStudy.objective.id","","","",0,1,"","","","string {[]} {[]}
","Unique id for inter-element referencing","Unique id for the element within a resource (for internal references). This may be any string value that does not contain spaces.","","","","","","","","","",,,,,"",,,,"Element.id",0,1,"","","n/a"
"ResearchStudy.objective.extension","ResearchStudy.objective.extension","","extensions
user content","",0,*,"","","","Extension {[]} {[]}
","Additional content defined by implementations","May be used to represent additional information that is not part of the basic definition of the element. To make the use of extensions safe and manageable, there is a strict set of governance  applied to the definition and use of extensions. Though any implementer can define an extension, there is a set of requirements that SHALL be met as part of the definition of the extension.","There can be no stigma associated with the use of extensions by any application, project, or standard - regardless of the institution or jurisdiction that uses or defines the extensions.  The use of extensions is what allows the FHIR specification to retain a core level of simplicity for everyone.","","","","","","","","",,,,,"","value:url}
","Extensions are always sliced by (at least) url",,"open","Element.extension",0,*,"ele-1
","ele-1:All FHIR elements must have a @value or children {hasValue() or (children().count() > id.count())}
ext-1:Must have either extensions or value[x], not both {extension.exists() != value.exists()}","n/a","N/A"
"ResearchStudy.objective.modifierExtension","ResearchStudy.objective.modifierExtension","","extensions
user contentmodifiers","",0,*,"","Y","Y","Extension {[]} {[]}
","Extensions that cannot be ignored even if unrecognized","May be used to represent additional information that is not part of the basic definition of the element and that modifies the understanding of the element in which it is contained and/or the understanding of the containing element's descendants. Usually modifier elements provide negation or qualification. To make the use of extensions safe and manageable, there is a strict set of governance applied to the definition and use of extensions. Though any implementer can define an extension, there is a set of requirements that SHALL be met as part of the definition of the extension. Applications processing a resource are required to check for modifier extensions.

Modifier extensions SHALL NOT change the meaning of any elements on Resource or DomainResource (including cannot change the meaning of modifierExtension itself).","There can be no stigma associated with the use of extensions by any application, project, or standard - regardless of the institution or jurisdiction that uses or defines the extensions.  The use of extensions is what allows the FHIR specification to retain a core level of simplicity for everyone.","Modifier extensions allow for extensions that *cannot* be safely ignored to be clearly distinguished from the vast majority of extensions which can be safely ignored.  This promotes interoperability by eliminating the need for implementers to prohibit the presence of extensions. For further information, see the [definition of modifier extensions](http://hl7.org/fhir/R4/extensibility.html#modifierExtension).","","","","","","","",,,,,"",,,,"BackboneElement.modifierExtension",0,*,"ele-1
","ele-1:All FHIR elements must have a @value or children {hasValue() or (children().count() > id.count())}
ext-1:Must have either extensions or value[x], not both {extension.exists() != value.exists()}","n/a","N/A"
"ResearchStudy.objective.name","ResearchStudy.objective.name","","","",0,1,"","","","string {[]} {[]}
","Label for the objective","Unique, human-readable label for this objective of the study.","Note that FHIR strings SHALL NOT exceed 1MB in size","","","","","","","","",,,,,"",,,,"ResearchStudy.objective.name",0,1,"ele-1
","ele-1:All FHIR elements must have a @value or children {hasValue() or (children().count() > id.count())}
","No BRIDG mapping (BRIDG has a description, but not a name)","n/a"
"ResearchStudy.objective.type","ResearchStudy.objective.type","","","",0,1,"","","","CodeableConcept {[]} {[]}
","primary | secondary | exploratory","The kind of study objective.","Not all terminology uses fit this general pattern. In some cases, models should not use CodeableConcept and use Coding directly and provide their own structure for managing text, codings, translations and the relationship between elements and pre- and post-coordination.","","","","","","","","",,"preferred","Codes for the kind of study objective.","http://hl7.org/fhir/ValueSet/research-study-objective-type","",,,,"ResearchStudy.objective.type",0,1,"ele-1
","ele-1:All FHIR elements must have a @value or children {hasValue() or (children().count() > id.count())}
","StudyObjective.typeCode","CE/CNE/CWE","n/a","CD"
